page_url,type,attribute,asset_url,alt_or_title
https://www.fencewizards.com/,img,src,https://www.fencewizards.com/assets/brand/fw-mark-knockout.png,Fence Wizards Rent A Fence
https://www.fencewizards.com/,video-poster,poster,https://www.fencewizards.com/assets/video/hero-reel-poster.jpg,"Aerial highlight reel of Fence Wizards at work: three wrapped trucks lined up on a lot, a crew in high visibility vests setting a temporary fence line beside a skid steer, a forklift loading bundles of fence panels onto a flatbed in the yard, and a finished chain link run along the sidewalk of an apartment building"
https://www.fencewizards.com/,video,data-sm,https://www.fencewizards.com/assets/video/hero-reel-960.mp4,"Aerial highlight reel of Fence Wizards at work: three wrapped trucks lined up on a lot, a crew in high visibility vests setting a temporary fence line beside a skid steer, a forklift loading bundles of fence panels onto a flatbed in the yard, and a finished chain link run along the sidewalk of an apartment building"
https://www.fencewizards.com/,video,data-lg,https://www.fencewizards.com/assets/video/hero-reel-1600.mp4,"Aerial highlight reel of Fence Wizards at work: three wrapped trucks lined up on a lot, a crew in high visibility vests setting a temporary fence line beside a skid steer, a forklift loading bundles of fence panels onto a flatbed in the yard, and a finished chain link run along the sidewalk of an apartment building"
https://www.fencewizards.com/,img,src,https://www.fencewizards.com/assets/photos/apartment-build-finished.jpg,Temporary fence panels around a finished multi family building before handover
https://www.fencewizards.com/,img,srcset,https://www.fencewizards.com/assets/photos/apartment-build-finished-600.jpg,Temporary fence panels around a finished multi family building before handover
https://www.fencewizards.com/,img,srcset,https://www.fencewizards.com/assets/photos/apartment-build-finished-1000.jpg,Temporary fence panels around a finished multi family building before handover
https://www.fencewizards.com/,img,srcset,https://www.fencewizards.com/assets/photos/apartment-build-finished.jpg,Temporary fence panels around a finished multi family building before handover
https://www.fencewizards.com/,img,src,https://www.fencewizards.com/assets/photos/event-lawn-tent.jpg,Temporary fence panels around an event lawn with a white tent behind them
https://www.fencewizards.com/,img,srcset,https://www.fencewizards.com/assets/photos/event-lawn-tent-600.jpg,Temporary fence panels around an event lawn with a white tent behind them
https://www.fencewizards.com/,img,srcset,https://www.fencewizards.com/assets/photos/event-lawn-tent-1000.jpg,Temporary fence panels around an event lawn with a white tent behind them
https://www.fencewizards.com/,img,srcset,https://www.fencewizards.com/assets/photos/event-lawn-tent.jpg,Temporary fence panels around an event lawn with a white tent behind them
https://www.fencewizards.com/,img,src,https://www.fencewizards.com/assets/photos/demolition-site.jpg,Temporary fencing holding a perimeter around a partly demolished building
https://www.fencewizards.com/,img,srcset,https://www.fencewizards.com/assets/photos/demolition-site-600.jpg,Temporary fencing holding a perimeter around a partly demolished building
https://www.fencewizards.com/,img,srcset,https://www.fencewizards.com/assets/photos/demolition-site-1000.jpg,Temporary fencing holding a perimeter around a partly demolished building
https://www.fencewizards.com/,img,srcset,https://www.fencewizards.com/assets/photos/demolition-site.jpg,Temporary fencing holding a perimeter around a partly demolished building
https://www.fencewizards.com/,img,src,https://www.fencewizards.com/assets/photos/windscreen-curve-downtown.jpg,A long run of windscreen curving along a downtown Indianapolis sidewalk
https://www.fencewizards.com/,img,srcset,https://www.fencewizards.com/assets/photos/windscreen-curve-downtown-600.jpg,A long run of windscreen curving along a downtown Indianapolis sidewalk
https://www.fencewizards.com/,img,srcset,https://www.fencewizards.com/assets/photos/windscreen-curve-downtown-1000.jpg,A long run of windscreen curving along a downtown Indianapolis sidewalk
https://www.fencewizards.com/,img,srcset,https://www.fencewizards.com/assets/photos/windscreen-curve-downtown.jpg,A long run of windscreen curving along a downtown Indianapolis sidewalk
https://www.fencewizards.com/,img,src,https://www.fencewizards.com/assets/photos/loading-area-panels.jpg,Temporary fence panels closing a loading area beside a commercial building
https://www.fencewizards.com/,img,srcset,https://www.fencewizards.com/assets/photos/loading-area-panels-600.jpg,Temporary fence panels closing a loading area beside a commercial building
https://www.fencewizards.com/,img,srcset,https://www.fencewizards.com/assets/photos/loading-area-panels-1000.jpg,Temporary fence panels closing a loading area beside a commercial building
https://www.fencewizards.com/,img,srcset,https://www.fencewizards.com/assets/photos/loading-area-panels.jpg,Temporary fence panels closing a loading area beside a commercial building
https://www.fencewizards.com/,img,src,https://www.fencewizards.com/assets/photos/field-run-two.jpg,"A post driven temporary chain link fence running the length of a grass field, with the posts set straight into the ground"
https://www.fencewizards.com/,img,srcset,https://www.fencewizards.com/assets/photos/field-run-two-600.jpg,"A post driven temporary chain link fence running the length of a grass field, with the posts set straight into the ground"
https://www.fencewizards.com/,img,srcset,https://www.fencewizards.com/assets/photos/field-run-two-1000.jpg,"A post driven temporary chain link fence running the length of a grass field, with the posts set straight into the ground"
https://www.fencewizards.com/,img,srcset,https://www.fencewizards.com/assets/photos/field-run-two.jpg,"A post driven temporary chain link fence running the length of a grass field, with the posts set straight into the ground"
https://www.fencewizards.com/,img,src,https://www.fencewizards.com/assets/photos/printed-windscreen-banners.jpg,Printed windscreen panels carrying sponsor graphics on a temporary fence beside a road
https://www.fencewizards.com/,img,srcset,https://www.fencewizards.com/assets/photos/printed-windscreen-banners-600.jpg,Printed windscreen panels carrying sponsor graphics on a temporary fence beside a road
https://www.fencewizards.com/,img,srcset,https://www.fencewizards.com/assets/photos/printed-windscreen-banners-1000.jpg,Printed windscreen panels carrying sponsor graphics on a temporary fence beside a road
https://www.fencewizards.com/,img,srcset,https://www.fencewizards.com/assets/photos/printed-windscreen-banners.jpg,Printed windscreen panels carrying sponsor graphics on a temporary fence beside a road
https://www.fencewizards.com/,img,src,https://www.fencewizards.com/assets/photos/barricades-outside-building.jpg,Crowd control barricades set outside a commercial building for an event
https://www.fencewizards.com/,img,srcset,https://www.fencewizards.com/assets/photos/barricades-outside-building-600.jpg,Crowd control barricades set outside a commercial building for an event
https://www.fencewizards.com/,img,srcset,https://www.fencewizards.com/assets/photos/barricades-outside-building-1000.jpg,Crowd control barricades set outside a commercial building for an event
https://www.fencewizards.com/,img,srcset,https://www.fencewizards.com/assets/photos/barricades-outside-building.jpg,Crowd control barricades set outside a commercial building for an event
https://www.fencewizards.com/,video-poster,poster,https://www.fencewizards.com/assets/video/yard-forklift-loading-poster.jpg,Aerial view of a forklift loading bundles of temporary fence panels onto a flatbed truck in the Fence Wizards yard
https://www.fencewizards.com/,video,data-sm,https://www.fencewizards.com/assets/video/yard-forklift-loading-960.mp4,Aerial view of a forklift loading bundles of temporary fence panels onto a flatbed truck in the Fence Wizards yard
https://www.fencewizards.com/,video,data-lg,https://www.fencewizards.com/assets/video/yard-forklift-loading-1600.mp4,Aerial view of a forklift loading bundles of temporary fence panels onto a flatbed truck in the Fence Wizards yard
https://www.fencewizards.com/,img,src,https://www.fencewizards.com/assets/photos/orange-safety-run.jpg,Temporary fence and safety fence running along the edge of a site
https://www.fencewizards.com/,img,srcset,https://www.fencewizards.com/assets/photos/orange-safety-run-600.jpg,Temporary fence and safety fence running along the edge of a site
https://www.fencewizards.com/,img,srcset,https://www.fencewizards.com/assets/photos/orange-safety-run-1000.jpg,Temporary fence and safety fence running along the edge of a site
https://www.fencewizards.com/,img,srcset,https://www.fencewizards.com/assets/photos/orange-safety-run.jpg,Temporary fence and safety fence running along the edge of a site
https://www.fencewizards.com/,img,src,https://www.fencewizards.com/assets/photos/skyline-panels-indianapolis.jpg,Temporary fence panels set on grass with the downtown Indianapolis skyline behind them
https://www.fencewizards.com/,img,srcset,https://www.fencewizards.com/assets/photos/skyline-panels-indianapolis-600.jpg,Temporary fence panels set on grass with the downtown Indianapolis skyline behind them
https://www.fencewizards.com/,img,srcset,https://www.fencewizards.com/assets/photos/skyline-panels-indianapolis-1000.jpg,Temporary fence panels set on grass with the downtown Indianapolis skyline behind them
https://www.fencewizards.com/,img,srcset,https://www.fencewizards.com/assets/photos/skyline-panels-indianapolis.jpg,Temporary fence panels set on grass with the downtown Indianapolis skyline behind them
https://www.fencewizards.com/,video-poster,poster,https://www.fencewizards.com/assets/video/fleet-three-trucks-poster.jpg,Aerial view of three wrapped Fence Wizards trucks lined up on a lot beside a playing field
https://www.fencewizards.com/,video,data-sm,https://www.fencewizards.com/assets/video/fleet-three-trucks-960.mp4,Aerial view of three wrapped Fence Wizards trucks lined up on a lot beside a playing field
https://www.fencewizards.com/,video,data-lg,https://www.fencewizards.com/assets/video/fleet-three-trucks-1600.mp4,Aerial view of three wrapped Fence Wizards trucks lined up on a lot beside a playing field
https://www.fencewizards.com/,img,src,https://www.fencewizards.com/assets/brand/fw-logo-knockout.png,Fence Wizards Rent A Fence
https://www.fencewizards.com/construction-fencing/,img,src,https://www.fencewizards.com/assets/brand/fw-mark-knockout.png,Fence Wizards Rent A Fence
https://www.fencewizards.com/construction-fencing/,video-poster,poster,https://www.fencewizards.com/assets/video/skidsteer-panel-line-poster.jpg,"Aerial view of a tracked skid steer and a crew working along a temporary fence line on a cleared site, with panel bundles staged on the parking lot beside them"
https://www.fencewizards.com/construction-fencing/,video,data-sm,https://www.fencewizards.com/assets/video/skidsteer-panel-line-960.mp4,"Aerial view of a tracked skid steer and a crew working along a temporary fence line on a cleared site, with panel bundles staged on the parking lot beside them"
https://www.fencewizards.com/construction-fencing/,video,data-lg,https://www.fencewizards.com/assets/video/skidsteer-panel-line-1600.mp4,"Aerial view of a tracked skid steer and a crew working along a temporary fence line on a cleared site, with panel bundles staged on the parking lot beside them"
https://www.fencewizards.com/construction-fencing/,img,src,https://www.fencewizards.com/assets/photos/school-building-panels.jpg,Temporary fence panels around a school building with dumpsters and site toilets inside the perimeter
https://www.fencewizards.com/construction-fencing/,img,srcset,https://www.fencewizards.com/assets/photos/school-building-panels-600.jpg,Temporary fence panels around a school building with dumpsters and site toilets inside the perimeter
https://www.fencewizards.com/construction-fencing/,img,srcset,https://www.fencewizards.com/assets/photos/school-building-panels-1000.jpg,Temporary fence panels around a school building with dumpsters and site toilets inside the perimeter
https://www.fencewizards.com/construction-fencing/,img,srcset,https://www.fencewizards.com/assets/photos/school-building-panels.jpg,Temporary fence panels around a school building with dumpsters and site toilets inside the perimeter
https://www.fencewizards.com/construction-fencing/,img,src,https://www.fencewizards.com/assets/photos/distribution-warehouse-panels.jpg,Temporary fence panels closing off the dock doors of a distribution warehouse near Indianapolis
https://www.fencewizards.com/construction-fencing/,img,srcset,https://www.fencewizards.com/assets/photos/distribution-warehouse-panels-600.jpg,Temporary fence panels closing off the dock doors of a distribution warehouse near Indianapolis
https://www.fencewizards.com/construction-fencing/,img,srcset,https://www.fencewizards.com/assets/photos/distribution-warehouse-panels-1000.jpg,Temporary fence panels closing off the dock doors of a distribution warehouse near Indianapolis
https://www.fencewizards.com/construction-fencing/,img,srcset,https://www.fencewizards.com/assets/photos/distribution-warehouse-panels.jpg,Temporary fence panels closing off the dock doors of a distribution warehouse near Indianapolis
https://www.fencewizards.com/construction-fencing/,img,src,https://www.fencewizards.com/assets/photos/stacked-panels-site.jpg,Temporary fence panels protecting stacked building materials on a job site
https://www.fencewizards.com/construction-fencing/,img,srcset,https://www.fencewizards.com/assets/photos/stacked-panels-site-600.jpg,Temporary fence panels protecting stacked building materials on a job site
https://www.fencewizards.com/construction-fencing/,img,srcset,https://www.fencewizards.com/assets/photos/stacked-panels-site-1000.jpg,Temporary fence panels protecting stacked building materials on a job site
https://www.fencewizards.com/construction-fencing/,img,srcset,https://www.fencewizards.com/assets/photos/stacked-panels-site.jpg,Temporary fence panels protecting stacked building materials on a job site
https://www.fencewizards.com/construction-fencing/,img,src,https://www.fencewizards.com/assets/photos/loading-area-panels.jpg,Temporary fence panels closing a loading area beside a commercial building
https://www.fencewizards.com/construction-fencing/,img,srcset,https://www.fencewizards.com/assets/photos/loading-area-panels-600.jpg,Temporary fence panels closing a loading area beside a commercial building
https://www.fencewizards.com/construction-fencing/,img,srcset,https://www.fencewizards.com/assets/photos/loading-area-panels-1000.jpg,Temporary fence panels closing a loading area beside a commercial building
https://www.fencewizards.com/construction-fencing/,img,srcset,https://www.fencewizards.com/assets/photos/loading-area-panels.jpg,Temporary fence panels closing a loading area beside a commercial building
https://www.fencewizards.com/construction-fencing/,img,src,https://www.fencewizards.com/assets/photos/open-field-run.jpg,"A long run of post driven temporary chain link fence across open ground, posts driven in with the fabric tensioned on them"
https://www.fencewizards.com/construction-fencing/,img,srcset,https://www.fencewizards.com/assets/photos/open-field-run-600.jpg,"A long run of post driven temporary chain link fence across open ground, posts driven in with the fabric tensioned on them"
https://www.fencewizards.com/construction-fencing/,img,srcset,https://www.fencewizards.com/assets/photos/open-field-run-1000.jpg,"A long run of post driven temporary chain link fence across open ground, posts driven in with the fabric tensioned on them"
https://www.fencewizards.com/construction-fencing/,img,srcset,https://www.fencewizards.com/assets/photos/open-field-run.jpg,"A long run of post driven temporary chain link fence across open ground, posts driven in with the fabric tensioned on them"
https://www.fencewizards.com/construction-fencing/,video-poster,poster,https://www.fencewizards.com/assets/video/fleet-three-trucks-poster.jpg,Aerial view of three wrapped Fence Wizards trucks lined up on a lot beside a playing field
https://www.fencewizards.com/construction-fencing/,video,data-sm,https://www.fencewizards.com/assets/video/fleet-three-trucks-960.mp4,Aerial view of three wrapped Fence Wizards trucks lined up on a lot beside a playing field
https://www.fencewizards.com/construction-fencing/,video,data-lg,https://www.fencewizards.com/assets/video/fleet-three-trucks-1600.mp4,Aerial view of three wrapped Fence Wizards trucks lined up on a lot beside a playing field
https://www.fencewizards.com/construction-fencing/,img,src,https://www.fencewizards.com/assets/brand/fw-logo-knockout.png,Fence Wizards Rent A Fence
https://www.fencewizards.com/event-fencing/,img,src,https://www.fencewizards.com/assets/brand/fw-mark-knockout.png,Fence Wizards Rent A Fence
https://www.fencewizards.com/event-fencing/,img,src,https://www.fencewizards.com/assets/photos/event-lawn-tent.jpg,Temporary fence panels around an event lawn with a white tent set up behind them
https://www.fencewizards.com/event-fencing/,img,srcset,https://www.fencewizards.com/assets/photos/event-lawn-tent-600.jpg,Temporary fence panels around an event lawn with a white tent set up behind them
https://www.fencewizards.com/event-fencing/,img,srcset,https://www.fencewizards.com/assets/photos/event-lawn-tent-1000.jpg,Temporary fence panels around an event lawn with a white tent set up behind them
https://www.fencewizards.com/event-fencing/,img,srcset,https://www.fencewizards.com/assets/photos/event-lawn-tent.jpg,Temporary fence panels around an event lawn with a white tent set up behind them
https://www.fencewizards.com/event-fencing/,img,src,https://www.fencewizards.com/assets/photos/event-windscreen-tent.jpg,Windscreen fitted to temporary fence panels screening an event tent
https://www.fencewizards.com/event-fencing/,img,srcset,https://www.fencewizards.com/assets/photos/event-windscreen-tent-600.jpg,Windscreen fitted to temporary fence panels screening an event tent
https://www.fencewizards.com/event-fencing/,img,srcset,https://www.fencewizards.com/assets/photos/event-windscreen-tent-1000.jpg,Windscreen fitted to temporary fence panels screening an event tent
https://www.fencewizards.com/event-fencing/,img,srcset,https://www.fencewizards.com/assets/photos/event-windscreen-tent.jpg,Windscreen fitted to temporary fence panels screening an event tent
https://www.fencewizards.com/event-fencing/,img,src,https://www.fencewizards.com/assets/photos/printed-windscreen-banners.jpg,Printed windscreen panels carrying sponsor graphics on a temporary fence beside a road
https://www.fencewizards.com/event-fencing/,img,srcset,https://www.fencewizards.com/assets/photos/printed-windscreen-banners-600.jpg,Printed windscreen panels carrying sponsor graphics on a temporary fence beside a road
https://www.fencewizards.com/event-fencing/,img,srcset,https://www.fencewizards.com/assets/photos/printed-windscreen-banners-1000.jpg,Printed windscreen panels carrying sponsor graphics on a temporary fence beside a road
https://www.fencewizards.com/event-fencing/,img,srcset,https://www.fencewizards.com/assets/photos/printed-windscreen-banners.jpg,Printed windscreen panels carrying sponsor graphics on a temporary fence beside a road
https://www.fencewizards.com/event-fencing/,img,src,https://www.fencewizards.com/assets/photos/barricades-venue.jpg,Crowd control barricades set inside a venue with a vehicle parked behind them
https://www.fencewizards.com/event-fencing/,img,srcset,https://www.fencewizards.com/assets/photos/barricades-venue-600.jpg,Crowd control barricades set inside a venue with a vehicle parked behind them
https://www.fencewizards.com/event-fencing/,img,srcset,https://www.fencewizards.com/assets/photos/barricades-venue-1000.jpg,Crowd control barricades set inside a venue with a vehicle parked behind them
https://www.fencewizards.com/event-fencing/,img,srcset,https://www.fencewizards.com/assets/photos/barricades-venue.jpg,Crowd control barricades set inside a venue with a vehicle parked behind them
https://www.fencewizards.com/event-fencing/,img,src,https://www.fencewizards.com/assets/photos/barricades-indoor-line.jpg,A line of crowd control barricades set inside a building for an event
https://www.fencewizards.com/event-fencing/,img,srcset,https://www.fencewizards.com/assets/photos/barricades-indoor-line-600.jpg,A line of crowd control barricades set inside a building for an event
https://www.fencewizards.com/event-fencing/,img,srcset,https://www.fencewizards.com/assets/photos/barricades-indoor-line-1000.jpg,A line of crowd control barricades set inside a building for an event
https://www.fencewizards.com/event-fencing/,img,srcset,https://www.fencewizards.com/assets/photos/barricades-indoor-line.jpg,A line of crowd control barricades set inside a building for an event
https://www.fencewizards.com/event-fencing/,img,src,https://www.fencewizards.com/assets/photos/sidewalk-windscreen.jpg,Windscreen on temporary fence along a sidewalk beside a venue
https://www.fencewizards.com/event-fencing/,img,srcset,https://www.fencewizards.com/assets/photos/sidewalk-windscreen-600.jpg,Windscreen on temporary fence along a sidewalk beside a venue
https://www.fencewizards.com/event-fencing/,img,srcset,https://www.fencewizards.com/assets/photos/sidewalk-windscreen-1000.jpg,Windscreen on temporary fence along a sidewalk beside a venue
https://www.fencewizards.com/event-fencing/,img,srcset,https://www.fencewizards.com/assets/photos/sidewalk-windscreen.jpg,Windscreen on temporary fence along a sidewalk beside a venue
https://www.fencewizards.com/event-fencing/,video-poster,poster,https://www.fencewizards.com/assets/video/fleet-three-trucks-poster.jpg,Aerial view of three wrapped Fence Wizards trucks lined up on a lot beside a playing field
https://www.fencewizards.com/event-fencing/,video,data-sm,https://www.fencewizards.com/assets/video/fleet-three-trucks-960.mp4,Aerial view of three wrapped Fence Wizards trucks lined up on a lot beside a playing field
https://www.fencewizards.com/event-fencing/,video,data-lg,https://www.fencewizards.com/assets/video/fleet-three-trucks-1600.mp4,Aerial view of three wrapped Fence Wizards trucks lined up on a lot beside a playing field
https://www.fencewizards.com/event-fencing/,img,src,https://www.fencewizards.com/assets/brand/fw-logo-knockout.png,Fence Wizards Rent A Fence
https://www.fencewizards.com/emergency-fencing/,img,src,https://www.fencewizards.com/assets/brand/fw-mark-knockout.png,Fence Wizards Rent A Fence
https://www.fencewizards.com/emergency-fencing/,img,src,https://www.fencewizards.com/assets/photos/demolition-site.jpg,Temporary fencing holding a perimeter around a partly demolished building
https://www.fencewizards.com/emergency-fencing/,img,srcset,https://www.fencewizards.com/assets/photos/demolition-site-600.jpg,Temporary fencing holding a perimeter around a partly demolished building
https://www.fencewizards.com/emergency-fencing/,img,srcset,https://www.fencewizards.com/assets/photos/demolition-site-1000.jpg,Temporary fencing holding a perimeter around a partly demolished building
https://www.fencewizards.com/emergency-fencing/,img,srcset,https://www.fencewizards.com/assets/photos/demolition-site.jpg,Temporary fencing holding a perimeter around a partly demolished building
https://www.fencewizards.com/emergency-fencing/,img,src,https://www.fencewizards.com/assets/photos/cleared-lot-neighborhood.jpg,Temporary fence panels around a cleared lot in an Indianapolis neighborhood
https://www.fencewizards.com/emergency-fencing/,img,srcset,https://www.fencewizards.com/assets/photos/cleared-lot-neighborhood-600.jpg,Temporary fence panels around a cleared lot in an Indianapolis neighborhood
https://www.fencewizards.com/emergency-fencing/,img,srcset,https://www.fencewizards.com/assets/photos/cleared-lot-neighborhood-1000.jpg,Temporary fence panels around a cleared lot in an Indianapolis neighborhood
https://www.fencewizards.com/emergency-fencing/,img,srcset,https://www.fencewizards.com/assets/photos/cleared-lot-neighborhood.jpg,Temporary fence panels around a cleared lot in an Indianapolis neighborhood
https://www.fencewizards.com/emergency-fencing/,img,src,https://www.fencewizards.com/assets/photos/winter-site-generator.jpg,Temporary fence around a winter job site with a generator trailer inside the perimeter
https://www.fencewizards.com/emergency-fencing/,img,srcset,https://www.fencewizards.com/assets/photos/winter-site-generator-600.jpg,Temporary fence around a winter job site with a generator trailer inside the perimeter
https://www.fencewizards.com/emergency-fencing/,img,srcset,https://www.fencewizards.com/assets/photos/winter-site-generator-1000.jpg,Temporary fence around a winter job site with a generator trailer inside the perimeter
https://www.fencewizards.com/emergency-fencing/,img,srcset,https://www.fencewizards.com/assets/photos/winter-site-generator.jpg,Temporary fence around a winter job site with a generator trailer inside the perimeter
https://www.fencewizards.com/emergency-fencing/,video-poster,poster,https://www.fencewizards.com/assets/video/excavator-site-panels-poster.jpg,"Aerial view of a mini excavator and crew working beside a temporary fence run, with stacks of fence panels laid out on the lot"
https://www.fencewizards.com/emergency-fencing/,video,data-sm,https://www.fencewizards.com/assets/video/excavator-site-panels-960.mp4,"Aerial view of a mini excavator and crew working beside a temporary fence run, with stacks of fence panels laid out on the lot"
https://www.fencewizards.com/emergency-fencing/,video,data-lg,https://www.fencewizards.com/assets/video/excavator-site-panels-1600.mp4,"Aerial view of a mini excavator and crew working beside a temporary fence run, with stacks of fence panels laid out on the lot"
https://www.fencewizards.com/emergency-fencing/,img,src,https://www.fencewizards.com/assets/photos/open-field-run.jpg,"A long run of post driven temporary chain link fence across open ground, posts driven in with the fabric tensioned on them"
https://www.fencewizards.com/emergency-fencing/,img,srcset,https://www.fencewizards.com/assets/photos/open-field-run-600.jpg,"A long run of post driven temporary chain link fence across open ground, posts driven in with the fabric tensioned on them"
https://www.fencewizards.com/emergency-fencing/,img,srcset,https://www.fencewizards.com/assets/photos/open-field-run-1000.jpg,"A long run of post driven temporary chain link fence across open ground, posts driven in with the fabric tensioned on them"
https://www.fencewizards.com/emergency-fencing/,img,srcset,https://www.fencewizards.com/assets/photos/open-field-run.jpg,"A long run of post driven temporary chain link fence across open ground, posts driven in with the fabric tensioned on them"
https://www.fencewizards.com/emergency-fencing/,img,src,https://www.fencewizards.com/assets/photos/stacked-panels-site.jpg,Temporary fence panels protecting stacked building materials on a job site
https://www.fencewizards.com/emergency-fencing/,img,srcset,https://www.fencewizards.com/assets/photos/stacked-panels-site-600.jpg,Temporary fence panels protecting stacked building materials on a job site
https://www.fencewizards.com/emergency-fencing/,img,srcset,https://www.fencewizards.com/assets/photos/stacked-panels-site-1000.jpg,Temporary fence panels protecting stacked building materials on a job site
https://www.fencewizards.com/emergency-fencing/,img,srcset,https://www.fencewizards.com/assets/photos/stacked-panels-site.jpg,Temporary fence panels protecting stacked building materials on a job site
https://www.fencewizards.com/emergency-fencing/,video-poster,poster,https://www.fencewizards.com/assets/video/fleet-three-trucks-poster.jpg,Aerial view of three wrapped Fence Wizards trucks lined up on a lot beside a playing field
https://www.fencewizards.com/emergency-fencing/,video,data-sm,https://www.fencewizards.com/assets/video/fleet-three-trucks-960.mp4,Aerial view of three wrapped Fence Wizards trucks lined up on a lot beside a playing field
https://www.fencewizards.com/emergency-fencing/,video,data-lg,https://www.fencewizards.com/assets/video/fleet-three-trucks-1600.mp4,Aerial view of three wrapped Fence Wizards trucks lined up on a lot beside a playing field
https://www.fencewizards.com/emergency-fencing/,img,src,https://www.fencewizards.com/assets/brand/fw-logo-knockout.png,Fence Wizards Rent A Fence
https://www.fencewizards.com/fence/panels-and-stands/,img,src,https://www.fencewizards.com/assets/brand/fw-mark-knockout.png,Fence Wizards Rent A Fence
https://www.fencewizards.com/fence/panels-and-stands/,img,src,https://www.fencewizards.com/assets/photos/loading-area-panels.jpg,Temporary fence panels closing a loading area beside a commercial building
https://www.fencewizards.com/fence/panels-and-stands/,img,srcset,https://www.fencewizards.com/assets/photos/loading-area-panels-600.jpg,Temporary fence panels closing a loading area beside a commercial building
https://www.fencewizards.com/fence/panels-and-stands/,img,srcset,https://www.fencewizards.com/assets/photos/loading-area-panels-1000.jpg,Temporary fence panels closing a loading area beside a commercial building
https://www.fencewizards.com/fence/panels-and-stands/,img,srcset,https://www.fencewizards.com/assets/photos/loading-area-panels.jpg,Temporary fence panels closing a loading area beside a commercial building
https://www.fencewizards.com/fence/panels-and-stands/,video-poster,poster,https://www.fencewizards.com/assets/video/multifamily-fence-run-poster.jpg,Aerial view of a truck and a loaded panel trailer beside a finished temporary fence run along the sidewalk of an apartment building
https://www.fencewizards.com/fence/panels-and-stands/,video,data-sm,https://www.fencewizards.com/assets/video/multifamily-fence-run-960.mp4,Aerial view of a truck and a loaded panel trailer beside a finished temporary fence run along the sidewalk of an apartment building
https://www.fencewizards.com/fence/panels-and-stands/,video,data-lg,https://www.fencewizards.com/assets/video/multifamily-fence-run-1600.mp4,Aerial view of a truck and a loaded panel trailer beside a finished temporary fence run along the sidewalk of an apartment building
https://www.fencewizards.com/fence/panels-and-stands/,img,src,https://www.fencewizards.com/assets/photos/yard-tractor-panels.jpg,Temporary fence panels around a yard tractor at a commercial terminal
https://www.fencewizards.com/fence/panels-and-stands/,img,srcset,https://www.fencewizards.com/assets/photos/yard-tractor-panels-600.jpg,Temporary fence panels around a yard tractor at a commercial terminal
https://www.fencewizards.com/fence/panels-and-stands/,img,srcset,https://www.fencewizards.com/assets/photos/yard-tractor-panels-1000.jpg,Temporary fence panels around a yard tractor at a commercial terminal
https://www.fencewizards.com/fence/panels-and-stands/,img,srcset,https://www.fencewizards.com/assets/photos/yard-tractor-panels.jpg,Temporary fence panels around a yard tractor at a commercial terminal
https://www.fencewizards.com/fence/panels-and-stands/,img,src,https://www.fencewizards.com/assets/photos/dirt-lot-excavator.jpg,Temporary fence panels around a cleared dirt lot with an excavator working inside
https://www.fencewizards.com/fence/panels-and-stands/,img,srcset,https://www.fencewizards.com/assets/photos/dirt-lot-excavator-600.jpg,Temporary fence panels around a cleared dirt lot with an excavator working inside
https://www.fencewizards.com/fence/panels-and-stands/,img,srcset,https://www.fencewizards.com/assets/photos/dirt-lot-excavator-1000.jpg,Temporary fence panels around a cleared dirt lot with an excavator working inside
https://www.fencewizards.com/fence/panels-and-stands/,img,srcset,https://www.fencewizards.com/assets/photos/dirt-lot-excavator.jpg,Temporary fence panels around a cleared dirt lot with an excavator working inside
https://www.fencewizards.com/fence/panels-and-stands/,img,src,https://www.fencewizards.com/assets/photos/event-lawn-tent.jpg,Temporary fence panels around an event lawn with a white tent set up behind them
https://www.fencewizards.com/fence/panels-and-stands/,img,srcset,https://www.fencewizards.com/assets/photos/event-lawn-tent-600.jpg,Temporary fence panels around an event lawn with a white tent set up behind them
https://www.fencewizards.com/fence/panels-and-stands/,img,srcset,https://www.fencewizards.com/assets/photos/event-lawn-tent-1000.jpg,Temporary fence panels around an event lawn with a white tent set up behind them
https://www.fencewizards.com/fence/panels-and-stands/,img,srcset,https://www.fencewizards.com/assets/photos/event-lawn-tent.jpg,Temporary fence panels around an event lawn with a white tent set up behind them
https://www.fencewizards.com/fence/panels-and-stands/,img,src,https://www.fencewizards.com/assets/photos/cleared-lot-neighborhood.jpg,Temporary fence panels around a cleared lot in an Indianapolis neighborhood
https://www.fencewizards.com/fence/panels-and-stands/,img,srcset,https://www.fencewizards.com/assets/photos/cleared-lot-neighborhood-600.jpg,Temporary fence panels around a cleared lot in an Indianapolis neighborhood
https://www.fencewizards.com/fence/panels-and-stands/,img,srcset,https://www.fencewizards.com/assets/photos/cleared-lot-neighborhood-1000.jpg,Temporary fence panels around a cleared lot in an Indianapolis neighborhood
https://www.fencewizards.com/fence/panels-and-stands/,img,srcset,https://www.fencewizards.com/assets/photos/cleared-lot-neighborhood.jpg,Temporary fence panels around a cleared lot in an Indianapolis neighborhood
https://www.fencewizards.com/fence/panels-and-stands/,img,src,https://www.fencewizards.com/assets/photos/gate-across-lot.jpg,A temporary fence gate set across the entrance to a lot
https://www.fencewizards.com/fence/panels-and-stands/,img,srcset,https://www.fencewizards.com/assets/photos/gate-across-lot-600.jpg,A temporary fence gate set across the entrance to a lot
https://www.fencewizards.com/fence/panels-and-stands/,img,srcset,https://www.fencewizards.com/assets/photos/gate-across-lot-1000.jpg,A temporary fence gate set across the entrance to a lot
https://www.fencewizards.com/fence/panels-and-stands/,img,srcset,https://www.fencewizards.com/assets/photos/gate-across-lot.jpg,A temporary fence gate set across the entrance to a lot
https://www.fencewizards.com/fence/panels-and-stands/,img,src,https://www.fencewizards.com/assets/photos/open-field-run.jpg,"A long run of post driven temporary chain link fence across open ground, posts driven in with the fabric tensioned on them"
https://www.fencewizards.com/fence/panels-and-stands/,img,srcset,https://www.fencewizards.com/assets/photos/open-field-run-600.jpg,"A long run of post driven temporary chain link fence across open ground, posts driven in with the fabric tensioned on them"
https://www.fencewizards.com/fence/panels-and-stands/,img,srcset,https://www.fencewizards.com/assets/photos/open-field-run-1000.jpg,"A long run of post driven temporary chain link fence across open ground, posts driven in with the fabric tensioned on them"
https://www.fencewizards.com/fence/panels-and-stands/,img,srcset,https://www.fencewizards.com/assets/photos/open-field-run.jpg,"A long run of post driven temporary chain link fence across open ground, posts driven in with the fabric tensioned on them"
https://www.fencewizards.com/fence/panels-and-stands/,img,src,https://www.fencewizards.com/assets/brand/fw-logo-knockout.png,Fence Wizards Rent A Fence
https://www.fencewizards.com/fence/post-driven-chain-link/,img,src,https://www.fencewizards.com/assets/brand/fw-mark-knockout.png,Fence Wizards Rent A Fence
https://www.fencewizards.com/fence/post-driven-chain-link/,img,src,https://www.fencewizards.com/assets/photos/open-field-run.jpg,"A long run of post driven temporary chain link fence across open ground, posts driven in with the fabric tensioned on them"
https://www.fencewizards.com/fence/post-driven-chain-link/,img,srcset,https://www.fencewizards.com/assets/photos/open-field-run-600.jpg,"A long run of post driven temporary chain link fence across open ground, posts driven in with the fabric tensioned on them"
https://www.fencewizards.com/fence/post-driven-chain-link/,img,srcset,https://www.fencewizards.com/assets/photos/open-field-run-1000.jpg,"A long run of post driven temporary chain link fence across open ground, posts driven in with the fabric tensioned on them"
https://www.fencewizards.com/fence/post-driven-chain-link/,img,srcset,https://www.fencewizards.com/assets/photos/open-field-run.jpg,"A long run of post driven temporary chain link fence across open ground, posts driven in with the fabric tensioned on them"
https://www.fencewizards.com/fence/post-driven-chain-link/,img,src,https://www.fencewizards.com/assets/photos/field-run-two.jpg,"A post driven temporary chain link fence running the length of a grass field, with the posts set straight into the ground"
https://www.fencewizards.com/fence/post-driven-chain-link/,img,srcset,https://www.fencewizards.com/assets/photos/field-run-two-600.jpg,"A post driven temporary chain link fence running the length of a grass field, with the posts set straight into the ground"
https://www.fencewizards.com/fence/post-driven-chain-link/,img,srcset,https://www.fencewizards.com/assets/photos/field-run-two-1000.jpg,"A post driven temporary chain link fence running the length of a grass field, with the posts set straight into the ground"
https://www.fencewizards.com/fence/post-driven-chain-link/,img,srcset,https://www.fencewizards.com/assets/photos/field-run-two.jpg,"A post driven temporary chain link fence running the length of a grass field, with the posts set straight into the ground"
https://www.fencewizards.com/fence/post-driven-chain-link/,img,src,https://www.fencewizards.com/assets/photos/school-building-panels.jpg,Temporary fence panels around a school building with dumpsters and site toilets inside the perimeter
https://www.fencewizards.com/fence/post-driven-chain-link/,img,srcset,https://www.fencewizards.com/assets/photos/school-building-panels-600.jpg,Temporary fence panels around a school building with dumpsters and site toilets inside the perimeter
https://www.fencewizards.com/fence/post-driven-chain-link/,img,srcset,https://www.fencewizards.com/assets/photos/school-building-panels-1000.jpg,Temporary fence panels around a school building with dumpsters and site toilets inside the perimeter
https://www.fencewizards.com/fence/post-driven-chain-link/,img,srcset,https://www.fencewizards.com/assets/photos/school-building-panels.jpg,Temporary fence panels around a school building with dumpsters and site toilets inside the perimeter
https://www.fencewizards.com/fence/post-driven-chain-link/,img,src,https://www.fencewizards.com/assets/photos/apartment-build-wrapped.jpg,Temporary fence panels around an apartment building under construction with weather wrap on the walls
https://www.fencewizards.com/fence/post-driven-chain-link/,img,srcset,https://www.fencewizards.com/assets/photos/apartment-build-wrapped-600.jpg,Temporary fence panels around an apartment building under construction with weather wrap on the walls
https://www.fencewizards.com/fence/post-driven-chain-link/,img,srcset,https://www.fencewizards.com/assets/photos/apartment-build-wrapped-1000.jpg,Temporary fence panels around an apartment building under construction with weather wrap on the walls
https://www.fencewizards.com/fence/post-driven-chain-link/,img,srcset,https://www.fencewizards.com/assets/photos/apartment-build-wrapped.jpg,Temporary fence panels around an apartment building under construction with weather wrap on the walls
https://www.fencewizards.com/fence/post-driven-chain-link/,img,src,https://www.fencewizards.com/assets/photos/stacked-panels-site.jpg,Temporary fence panels protecting stacked building materials on a job site
https://www.fencewizards.com/fence/post-driven-chain-link/,img,srcset,https://www.fencewizards.com/assets/photos/stacked-panels-site-600.jpg,Temporary fence panels protecting stacked building materials on a job site
https://www.fencewizards.com/fence/post-driven-chain-link/,img,srcset,https://www.fencewizards.com/assets/photos/stacked-panels-site-1000.jpg,Temporary fence panels protecting stacked building materials on a job site
https://www.fencewizards.com/fence/post-driven-chain-link/,img,srcset,https://www.fencewizards.com/assets/photos/stacked-panels-site.jpg,Temporary fence panels protecting stacked building materials on a job site
https://www.fencewizards.com/fence/post-driven-chain-link/,img,src,https://www.fencewizards.com/assets/photos/green-windscreen-lot.jpg,Green windscreen on temporary fence enclosing a paved parking lot
https://www.fencewizards.com/fence/post-driven-chain-link/,img,srcset,https://www.fencewizards.com/assets/photos/green-windscreen-lot-600.jpg,Green windscreen on temporary fence enclosing a paved parking lot
https://www.fencewizards.com/fence/post-driven-chain-link/,img,srcset,https://www.fencewizards.com/assets/photos/green-windscreen-lot-1000.jpg,Green windscreen on temporary fence enclosing a paved parking lot
https://www.fencewizards.com/fence/post-driven-chain-link/,img,srcset,https://www.fencewizards.com/assets/photos/green-windscreen-lot.jpg,Green windscreen on temporary fence enclosing a paved parking lot
https://www.fencewizards.com/fence/post-driven-chain-link/,img,src,https://www.fencewizards.com/assets/photos/muddy-site-edge.jpg,Temporary fence running along the muddy edge of an active construction site
https://www.fencewizards.com/fence/post-driven-chain-link/,img,srcset,https://www.fencewizards.com/assets/photos/muddy-site-edge-600.jpg,Temporary fence running along the muddy edge of an active construction site
https://www.fencewizards.com/fence/post-driven-chain-link/,img,srcset,https://www.fencewizards.com/assets/photos/muddy-site-edge-1000.jpg,Temporary fence running along the muddy edge of an active construction site
https://www.fencewizards.com/fence/post-driven-chain-link/,img,srcset,https://www.fencewizards.com/assets/photos/muddy-site-edge.jpg,Temporary fence running along the muddy edge of an active construction site
https://www.fencewizards.com/fence/post-driven-chain-link/,img,src,https://www.fencewizards.com/assets/photos/winter-site-generator.jpg,Temporary fence around a winter job site with a generator trailer inside the perimeter
https://www.fencewizards.com/fence/post-driven-chain-link/,img,srcset,https://www.fencewizards.com/assets/photos/winter-site-generator-600.jpg,Temporary fence around a winter job site with a generator trailer inside the perimeter
https://www.fencewizards.com/fence/post-driven-chain-link/,img,srcset,https://www.fencewizards.com/assets/photos/winter-site-generator-1000.jpg,Temporary fence around a winter job site with a generator trailer inside the perimeter
https://www.fencewizards.com/fence/post-driven-chain-link/,img,srcset,https://www.fencewizards.com/assets/photos/winter-site-generator.jpg,Temporary fence around a winter job site with a generator trailer inside the perimeter
https://www.fencewizards.com/fence/post-driven-chain-link/,img,src,https://www.fencewizards.com/assets/brand/fw-logo-knockout.png,Fence Wizards Rent A Fence
https://www.fencewizards.com/fence/windscreen/,img,src,https://www.fencewizards.com/assets/brand/fw-mark-knockout.png,Fence Wizards Rent A Fence
https://www.fencewizards.com/fence/windscreen/,img,src,https://www.fencewizards.com/assets/photos/windscreen-curve-downtown.jpg,A long run of windscreen curving along a downtown Indianapolis sidewalk
https://www.fencewizards.com/fence/windscreen/,img,srcset,https://www.fencewizards.com/assets/photos/windscreen-curve-downtown-600.jpg,A long run of windscreen curving along a downtown Indianapolis sidewalk
https://www.fencewizards.com/fence/windscreen/,img,srcset,https://www.fencewizards.com/assets/photos/windscreen-curve-downtown-1000.jpg,A long run of windscreen curving along a downtown Indianapolis sidewalk
https://www.fencewizards.com/fence/windscreen/,img,srcset,https://www.fencewizards.com/assets/photos/windscreen-curve-downtown.jpg,A long run of windscreen curving along a downtown Indianapolis sidewalk
https://www.fencewizards.com/fence/windscreen/,img,src,https://www.fencewizards.com/assets/photos/sidewalk-windscreen.jpg,Windscreen on temporary fence along a sidewalk beside a venue
https://www.fencewizards.com/fence/windscreen/,img,srcset,https://www.fencewizards.com/assets/photos/sidewalk-windscreen-600.jpg,Windscreen on temporary fence along a sidewalk beside a venue
https://www.fencewizards.com/fence/windscreen/,img,srcset,https://www.fencewizards.com/assets/photos/sidewalk-windscreen-1000.jpg,Windscreen on temporary fence along a sidewalk beside a venue
https://www.fencewizards.com/fence/windscreen/,img,srcset,https://www.fencewizards.com/assets/photos/sidewalk-windscreen.jpg,Windscreen on temporary fence along a sidewalk beside a venue
https://www.fencewizards.com/fence/windscreen/,img,src,https://www.fencewizards.com/assets/photos/green-windscreen-lot.jpg,Green windscreen on temporary fence enclosing a paved parking lot
https://www.fencewizards.com/fence/windscreen/,img,srcset,https://www.fencewizards.com/assets/photos/green-windscreen-lot-600.jpg,Green windscreen on temporary fence enclosing a paved parking lot
https://www.fencewizards.com/fence/windscreen/,img,srcset,https://www.fencewizards.com/assets/photos/green-windscreen-lot-1000.jpg,Green windscreen on temporary fence enclosing a paved parking lot
https://www.fencewizards.com/fence/windscreen/,img,srcset,https://www.fencewizards.com/assets/photos/green-windscreen-lot.jpg,Green windscreen on temporary fence enclosing a paved parking lot
https://www.fencewizards.com/fence/windscreen/,img,src,https://www.fencewizards.com/assets/photos/windscreen-building-run.jpg,Windscreen on temporary fence running along the base of a downtown building
https://www.fencewizards.com/fence/windscreen/,img,srcset,https://www.fencewizards.com/assets/photos/windscreen-building-run-600.jpg,Windscreen on temporary fence running along the base of a downtown building
https://www.fencewizards.com/fence/windscreen/,img,srcset,https://www.fencewizards.com/assets/photos/windscreen-building-run-1000.jpg,Windscreen on temporary fence running along the base of a downtown building
https://www.fencewizards.com/fence/windscreen/,img,srcset,https://www.fencewizards.com/assets/photos/windscreen-building-run.jpg,Windscreen on temporary fence running along the base of a downtown building
https://www.fencewizards.com/fence/windscreen/,img,src,https://www.fencewizards.com/assets/photos/windscreen-lot-run.jpg,A long black windscreen run enclosing a paved lot
https://www.fencewizards.com/fence/windscreen/,img,srcset,https://www.fencewizards.com/assets/photos/windscreen-lot-run-600.jpg,A long black windscreen run enclosing a paved lot
https://www.fencewizards.com/fence/windscreen/,img,srcset,https://www.fencewizards.com/assets/photos/windscreen-lot-run-1000.jpg,A long black windscreen run enclosing a paved lot
https://www.fencewizards.com/fence/windscreen/,img,srcset,https://www.fencewizards.com/assets/photos/windscreen-lot-run.jpg,A long black windscreen run enclosing a paved lot
https://www.fencewizards.com/fence/windscreen/,img,src,https://www.fencewizards.com/assets/photos/printed-windscreen-banners.jpg,Printed windscreen panels carrying sponsor graphics on a temporary fence beside a road
https://www.fencewizards.com/fence/windscreen/,img,srcset,https://www.fencewizards.com/assets/photos/printed-windscreen-banners-600.jpg,Printed windscreen panels carrying sponsor graphics on a temporary fence beside a road
https://www.fencewizards.com/fence/windscreen/,img,srcset,https://www.fencewizards.com/assets/photos/printed-windscreen-banners-1000.jpg,Printed windscreen panels carrying sponsor graphics on a temporary fence beside a road
https://www.fencewizards.com/fence/windscreen/,img,srcset,https://www.fencewizards.com/assets/photos/printed-windscreen-banners.jpg,Printed windscreen panels carrying sponsor graphics on a temporary fence beside a road
https://www.fencewizards.com/fence/windscreen/,img,src,https://www.fencewizards.com/assets/photos/windscreen-black-run.jpg,A black windscreen run enclosing a large paved lot
https://www.fencewizards.com/fence/windscreen/,img,srcset,https://www.fencewizards.com/assets/photos/windscreen-black-run-600.jpg,A black windscreen run enclosing a large paved lot
https://www.fencewizards.com/fence/windscreen/,img,srcset,https://www.fencewizards.com/assets/photos/windscreen-black-run-1000.jpg,A black windscreen run enclosing a large paved lot
https://www.fencewizards.com/fence/windscreen/,img,srcset,https://www.fencewizards.com/assets/photos/windscreen-black-run.jpg,A black windscreen run enclosing a large paved lot
https://www.fencewizards.com/fence/windscreen/,img,src,https://www.fencewizards.com/assets/photos/event-windscreen-tent.jpg,Windscreen fitted to temporary fence panels screening an event tent
https://www.fencewizards.com/fence/windscreen/,img,srcset,https://www.fencewizards.com/assets/photos/event-windscreen-tent-600.jpg,Windscreen fitted to temporary fence panels screening an event tent
https://www.fencewizards.com/fence/windscreen/,img,srcset,https://www.fencewizards.com/assets/photos/event-windscreen-tent-1000.jpg,Windscreen fitted to temporary fence panels screening an event tent
https://www.fencewizards.com/fence/windscreen/,img,srcset,https://www.fencewizards.com/assets/photos/event-windscreen-tent.jpg,Windscreen fitted to temporary fence panels screening an event tent
https://www.fencewizards.com/fence/windscreen/,img,src,https://www.fencewizards.com/assets/brand/fw-logo-knockout.png,Fence Wizards Rent A Fence
https://www.fencewizards.com/fence/barricades/,img,src,https://www.fencewizards.com/assets/brand/fw-mark-knockout.png,Fence Wizards Rent A Fence
https://www.fencewizards.com/fence/barricades/,img,src,https://www.fencewizards.com/assets/photos/barricades-outside-building.jpg,Crowd control barricades set outside a commercial building for an event
https://www.fencewizards.com/fence/barricades/,img,srcset,https://www.fencewizards.com/assets/photos/barricades-outside-building-600.jpg,Crowd control barricades set outside a commercial building for an event
https://www.fencewizards.com/fence/barricades/,img,srcset,https://www.fencewizards.com/assets/photos/barricades-outside-building-1000.jpg,Crowd control barricades set outside a commercial building for an event
https://www.fencewizards.com/fence/barricades/,img,srcset,https://www.fencewizards.com/assets/photos/barricades-outside-building.jpg,Crowd control barricades set outside a commercial building for an event
https://www.fencewizards.com/fence/barricades/,img,src,https://www.fencewizards.com/assets/photos/barricades-building-run.jpg,A run of crowd control barricades along the side of a building
https://www.fencewizards.com/fence/barricades/,img,srcset,https://www.fencewizards.com/assets/photos/barricades-building-run-600.jpg,A run of crowd control barricades along the side of a building
https://www.fencewizards.com/fence/barricades/,img,srcset,https://www.fencewizards.com/assets/photos/barricades-building-run-1000.jpg,A run of crowd control barricades along the side of a building
https://www.fencewizards.com/fence/barricades/,img,srcset,https://www.fencewizards.com/assets/photos/barricades-building-run.jpg,A run of crowd control barricades along the side of a building
https://www.fencewizards.com/fence/barricades/,img,src,https://www.fencewizards.com/assets/photos/winter-site-generator.jpg,Temporary fence around a winter job site with a generator trailer inside the perimeter
https://www.fencewizards.com/fence/barricades/,img,srcset,https://www.fencewizards.com/assets/photos/winter-site-generator-600.jpg,Temporary fence around a winter job site with a generator trailer inside the perimeter
https://www.fencewizards.com/fence/barricades/,img,srcset,https://www.fencewizards.com/assets/photos/winter-site-generator-1000.jpg,Temporary fence around a winter job site with a generator trailer inside the perimeter
https://www.fencewizards.com/fence/barricades/,img,srcset,https://www.fencewizards.com/assets/photos/winter-site-generator.jpg,Temporary fence around a winter job site with a generator trailer inside the perimeter
https://www.fencewizards.com/fence/barricades/,img,src,https://www.fencewizards.com/assets/photos/barricades-indoor-line.jpg,A line of crowd control barricades set inside a building for an event
https://www.fencewizards.com/fence/barricades/,img,srcset,https://www.fencewizards.com/assets/photos/barricades-indoor-line-600.jpg,A line of crowd control barricades set inside a building for an event
https://www.fencewizards.com/fence/barricades/,img,srcset,https://www.fencewizards.com/assets/photos/barricades-indoor-line-1000.jpg,A line of crowd control barricades set inside a building for an event
https://www.fencewizards.com/fence/barricades/,img,srcset,https://www.fencewizards.com/assets/photos/barricades-indoor-line.jpg,A line of crowd control barricades set inside a building for an event
https://www.fencewizards.com/fence/barricades/,img,src,https://www.fencewizards.com/assets/photos/barricades-venue.jpg,Crowd control barricades set inside a venue with a vehicle parked behind them
https://www.fencewizards.com/fence/barricades/,img,srcset,https://www.fencewizards.com/assets/photos/barricades-venue-600.jpg,Crowd control barricades set inside a venue with a vehicle parked behind them
https://www.fencewizards.com/fence/barricades/,img,srcset,https://www.fencewizards.com/assets/photos/barricades-venue-1000.jpg,Crowd control barricades set inside a venue with a vehicle parked behind them
https://www.fencewizards.com/fence/barricades/,img,srcset,https://www.fencewizards.com/assets/photos/barricades-venue.jpg,Crowd control barricades set inside a venue with a vehicle parked behind them
https://www.fencewizards.com/fence/barricades/,img,src,https://www.fencewizards.com/assets/photos/downtown-lot-barriers.jpg,Temporary fence panels and barricades securing a lot in downtown Indianapolis
https://www.fencewizards.com/fence/barricades/,img,srcset,https://www.fencewizards.com/assets/photos/downtown-lot-barriers-600.jpg,Temporary fence panels and barricades securing a lot in downtown Indianapolis
https://www.fencewizards.com/fence/barricades/,img,srcset,https://www.fencewizards.com/assets/photos/downtown-lot-barriers-1000.jpg,Temporary fence panels and barricades securing a lot in downtown Indianapolis
https://www.fencewizards.com/fence/barricades/,img,srcset,https://www.fencewizards.com/assets/photos/downtown-lot-barriers.jpg,Temporary fence panels and barricades securing a lot in downtown Indianapolis
https://www.fencewizards.com/fence/barricades/,img,src,https://www.fencewizards.com/assets/photos/orange-safety-run.jpg,Temporary fence and safety fence running along the edge of a site
https://www.fencewizards.com/fence/barricades/,img,srcset,https://www.fencewizards.com/assets/photos/orange-safety-run-600.jpg,Temporary fence and safety fence running along the edge of a site
https://www.fencewizards.com/fence/barricades/,img,srcset,https://www.fencewizards.com/assets/photos/orange-safety-run-1000.jpg,Temporary fence and safety fence running along the edge of a site
https://www.fencewizards.com/fence/barricades/,img,srcset,https://www.fencewizards.com/assets/photos/orange-safety-run.jpg,Temporary fence and safety fence running along the edge of a site
https://www.fencewizards.com/fence/barricades/,img,src,https://www.fencewizards.com/assets/photos/city-sidewalk-panels.jpg,Temporary fence panels along a city sidewalk on an Indianapolis street
https://www.fencewizards.com/fence/barricades/,img,srcset,https://www.fencewizards.com/assets/photos/city-sidewalk-panels-600.jpg,Temporary fence panels along a city sidewalk on an Indianapolis street
https://www.fencewizards.com/fence/barricades/,img,srcset,https://www.fencewizards.com/assets/photos/city-sidewalk-panels-1000.jpg,Temporary fence panels along a city sidewalk on an Indianapolis street
https://www.fencewizards.com/fence/barricades/,img,srcset,https://www.fencewizards.com/assets/photos/city-sidewalk-panels.jpg,Temporary fence panels along a city sidewalk on an Indianapolis street
https://www.fencewizards.com/fence/barricades/,img,src,https://www.fencewizards.com/assets/brand/fw-logo-knockout.png,Fence Wizards Rent A Fence
https://www.fencewizards.com/pricing/,img,src,https://www.fencewizards.com/assets/brand/fw-mark-knockout.png,Fence Wizards Rent A Fence
https://www.fencewizards.com/pricing/,img,src,https://www.fencewizards.com/assets/photos/truck-and-panels.jpg,A wrapped Fence Wizards truck with a trailer of fence panels ready to leave for a job
https://www.fencewizards.com/pricing/,img,srcset,https://www.fencewizards.com/assets/photos/truck-and-panels-600.jpg,A wrapped Fence Wizards truck with a trailer of fence panels ready to leave for a job
https://www.fencewizards.com/pricing/,img,srcset,https://www.fencewizards.com/assets/photos/truck-and-panels-1000.jpg,A wrapped Fence Wizards truck with a trailer of fence panels ready to leave for a job
https://www.fencewizards.com/pricing/,img,srcset,https://www.fencewizards.com/assets/photos/truck-and-panels.jpg,A wrapped Fence Wizards truck with a trailer of fence panels ready to leave for a job
https://www.fencewizards.com/pricing/,img,src,https://www.fencewizards.com/assets/photos/windscreen-lot-run.jpg,A long black windscreen run enclosing a paved lot
https://www.fencewizards.com/pricing/,img,srcset,https://www.fencewizards.com/assets/photos/windscreen-lot-run-600.jpg,A long black windscreen run enclosing a paved lot
https://www.fencewizards.com/pricing/,img,srcset,https://www.fencewizards.com/assets/photos/windscreen-lot-run-1000.jpg,A long black windscreen run enclosing a paved lot
https://www.fencewizards.com/pricing/,img,srcset,https://www.fencewizards.com/assets/photos/windscreen-lot-run.jpg,A long black windscreen run enclosing a paved lot
https://www.fencewizards.com/pricing/,img,src,https://www.fencewizards.com/assets/photos/distribution-warehouse-panels.jpg,Temporary fence panels closing off the dock doors of a distribution warehouse near Indianapolis
https://www.fencewizards.com/pricing/,img,srcset,https://www.fencewizards.com/assets/photos/distribution-warehouse-panels-600.jpg,Temporary fence panels closing off the dock doors of a distribution warehouse near Indianapolis
https://www.fencewizards.com/pricing/,img,srcset,https://www.fencewizards.com/assets/photos/distribution-warehouse-panels-1000.jpg,Temporary fence panels closing off the dock doors of a distribution warehouse near Indianapolis
https://www.fencewizards.com/pricing/,img,srcset,https://www.fencewizards.com/assets/photos/distribution-warehouse-panels.jpg,Temporary fence panels closing off the dock doors of a distribution warehouse near Indianapolis
https://www.fencewizards.com/pricing/,img,src,https://www.fencewizards.com/assets/photos/gate-across-lot.jpg,A temporary fence gate set across the entrance to a lot
https://www.fencewizards.com/pricing/,img,srcset,https://www.fencewizards.com/assets/photos/gate-across-lot-600.jpg,A temporary fence gate set across the entrance to a lot
https://www.fencewizards.com/pricing/,img,srcset,https://www.fencewizards.com/assets/photos/gate-across-lot-1000.jpg,A temporary fence gate set across the entrance to a lot
https://www.fencewizards.com/pricing/,img,srcset,https://www.fencewizards.com/assets/photos/gate-across-lot.jpg,A temporary fence gate set across the entrance to a lot
https://www.fencewizards.com/pricing/,img,src,https://www.fencewizards.com/assets/photos/windscreen-building-run.jpg,Windscreen on temporary fence running along the base of a downtown building
https://www.fencewizards.com/pricing/,img,srcset,https://www.fencewizards.com/assets/photos/windscreen-building-run-600.jpg,Windscreen on temporary fence running along the base of a downtown building
https://www.fencewizards.com/pricing/,img,srcset,https://www.fencewizards.com/assets/photos/windscreen-building-run-1000.jpg,Windscreen on temporary fence running along the base of a downtown building
https://www.fencewizards.com/pricing/,img,srcset,https://www.fencewizards.com/assets/photos/windscreen-building-run.jpg,Windscreen on temporary fence running along the base of a downtown building
https://www.fencewizards.com/pricing/,img,src,https://www.fencewizards.com/assets/photos/yard-tractor-panels.jpg,Temporary fence panels around a yard tractor at a commercial terminal
https://www.fencewizards.com/pricing/,img,srcset,https://www.fencewizards.com/assets/photos/yard-tractor-panels-600.jpg,Temporary fence panels around a yard tractor at a commercial terminal
https://www.fencewizards.com/pricing/,img,srcset,https://www.fencewizards.com/assets/photos/yard-tractor-panels-1000.jpg,Temporary fence panels around a yard tractor at a commercial terminal
https://www.fencewizards.com/pricing/,img,srcset,https://www.fencewizards.com/assets/photos/yard-tractor-panels.jpg,Temporary fence panels around a yard tractor at a commercial terminal
https://www.fencewizards.com/pricing/,img,src,https://www.fencewizards.com/assets/brand/fw-logo-knockout.png,Fence Wizards Rent A Fence
https://www.fencewizards.com/about/,img,src,https://www.fencewizards.com/assets/brand/fw-mark-knockout.png,Fence Wizards Rent A Fence
https://www.fencewizards.com/about/,img,src,https://www.fencewizards.com/assets/photos/crew-and-van.jpg,The Fence Wizards family crew in front of a wrapped work van
https://www.fencewizards.com/about/,img,srcset,https://www.fencewizards.com/assets/photos/crew-and-van-600.jpg,The Fence Wizards family crew in front of a wrapped work van
https://www.fencewizards.com/about/,img,srcset,https://www.fencewizards.com/assets/photos/crew-and-van-1000.jpg,The Fence Wizards family crew in front of a wrapped work van
https://www.fencewizards.com/about/,img,srcset,https://www.fencewizards.com/assets/photos/crew-and-van.jpg,The Fence Wizards family crew in front of a wrapped work van
https://www.fencewizards.com/about/,img,src,https://www.fencewizards.com/assets/photos/crew-at-fence.jpg,Three members of the Fence Wizards crew standing at a finished temporary fence line
https://www.fencewizards.com/about/,img,srcset,https://www.fencewizards.com/assets/photos/crew-at-fence-600.jpg,Three members of the Fence Wizards crew standing at a finished temporary fence line
https://www.fencewizards.com/about/,img,srcset,https://www.fencewizards.com/assets/photos/crew-at-fence-1000.jpg,Three members of the Fence Wizards crew standing at a finished temporary fence line
https://www.fencewizards.com/about/,img,srcset,https://www.fencewizards.com/assets/photos/crew-at-fence.jpg,Three members of the Fence Wizards crew standing at a finished temporary fence line
https://www.fencewizards.com/about/,img,src,https://www.fencewizards.com/assets/photos/wizard-truck-wrap.jpg,"The wizard artwork on the side of a Fence Wizards truck, with two more wrapped trucks lined up behind it"
https://www.fencewizards.com/about/,img,srcset,https://www.fencewizards.com/assets/photos/wizard-truck-wrap-600.jpg,"The wizard artwork on the side of a Fence Wizards truck, with two more wrapped trucks lined up behind it"
https://www.fencewizards.com/about/,img,srcset,https://www.fencewizards.com/assets/photos/wizard-truck-wrap-1000.jpg,"The wizard artwork on the side of a Fence Wizards truck, with two more wrapped trucks lined up behind it"
https://www.fencewizards.com/about/,img,srcset,https://www.fencewizards.com/assets/photos/wizard-truck-wrap.jpg,"The wizard artwork on the side of a Fence Wizards truck, with two more wrapped trucks lined up behind it"
https://www.fencewizards.com/about/,video-poster,poster,https://www.fencewizards.com/assets/video/wizard-truck-lot-poster.jpg,Aerial view of a wrapped Fence Wizards truck parked beside a chain link fence run at an apartment building
https://www.fencewizards.com/about/,video,data-sm,https://www.fencewizards.com/assets/video/wizard-truck-lot-960.mp4,Aerial view of a wrapped Fence Wizards truck parked beside a chain link fence run at an apartment building
https://www.fencewizards.com/about/,video,data-lg,https://www.fencewizards.com/assets/video/wizard-truck-lot-1600.mp4,Aerial view of a wrapped Fence Wizards truck parked beside a chain link fence run at an apartment building
https://www.fencewizards.com/about/,img,src,https://www.fencewizards.com/assets/photos/downtown-lot-barriers.jpg,Temporary fence panels and barricades securing a lot in downtown Indianapolis
https://www.fencewizards.com/about/,img,srcset,https://www.fencewizards.com/assets/photos/downtown-lot-barriers-600.jpg,Temporary fence panels and barricades securing a lot in downtown Indianapolis
https://www.fencewizards.com/about/,img,srcset,https://www.fencewizards.com/assets/photos/downtown-lot-barriers-1000.jpg,Temporary fence panels and barricades securing a lot in downtown Indianapolis
https://www.fencewizards.com/about/,img,srcset,https://www.fencewizards.com/assets/photos/downtown-lot-barriers.jpg,Temporary fence panels and barricades securing a lot in downtown Indianapolis
https://www.fencewizards.com/about/,img,src,https://www.fencewizards.com/assets/photos/orange-safety-grass.jpg,Safety fencing running across grass at the edge of a work area
https://www.fencewizards.com/about/,img,srcset,https://www.fencewizards.com/assets/photos/orange-safety-grass-600.jpg,Safety fencing running across grass at the edge of a work area
https://www.fencewizards.com/about/,img,srcset,https://www.fencewizards.com/assets/photos/orange-safety-grass-1000.jpg,Safety fencing running across grass at the edge of a work area
https://www.fencewizards.com/about/,img,srcset,https://www.fencewizards.com/assets/photos/orange-safety-grass.jpg,Safety fencing running across grass at the edge of a work area
https://www.fencewizards.com/about/,img,src,https://www.fencewizards.com/assets/photos/truck-side-wrap.jpg,The side of a wrapped Fence Wizards truck on a job site
https://www.fencewizards.com/about/,img,srcset,https://www.fencewizards.com/assets/photos/truck-side-wrap-600.jpg,The side of a wrapped Fence Wizards truck on a job site
https://www.fencewizards.com/about/,img,srcset,https://www.fencewizards.com/assets/photos/truck-side-wrap-1000.jpg,The side of a wrapped Fence Wizards truck on a job site
https://www.fencewizards.com/about/,img,srcset,https://www.fencewizards.com/assets/photos/truck-side-wrap.jpg,The side of a wrapped Fence Wizards truck on a job site
https://www.fencewizards.com/about/,img,src,https://www.fencewizards.com/assets/brand/fw-logo-knockout.png,Fence Wizards Rent A Fence
https://www.fencewizards.com/faq/,img,src,https://www.fencewizards.com/assets/brand/fw-mark-knockout.png,Fence Wizards Rent A Fence
https://www.fencewizards.com/faq/,img,src,https://www.fencewizards.com/assets/photos/field-run-two.jpg,"A post driven temporary chain link fence running the length of a grass field, with the posts set straight into the ground"
https://www.fencewizards.com/faq/,img,srcset,https://www.fencewizards.com/assets/photos/field-run-two-600.jpg,"A post driven temporary chain link fence running the length of a grass field, with the posts set straight into the ground"
https://www.fencewizards.com/faq/,img,srcset,https://www.fencewizards.com/assets/photos/field-run-two-1000.jpg,"A post driven temporary chain link fence running the length of a grass field, with the posts set straight into the ground"
https://www.fencewizards.com/faq/,img,srcset,https://www.fencewizards.com/assets/photos/field-run-two.jpg,"A post driven temporary chain link fence running the length of a grass field, with the posts set straight into the ground"
https://www.fencewizards.com/faq/,img,src,https://www.fencewizards.com/assets/photos/distribution-warehouse-panels.jpg,Temporary fence panels closing off the dock doors of a distribution warehouse near Indianapolis
https://www.fencewizards.com/faq/,img,srcset,https://www.fencewizards.com/assets/photos/distribution-warehouse-panels-600.jpg,Temporary fence panels closing off the dock doors of a distribution warehouse near Indianapolis
https://www.fencewizards.com/faq/,img,srcset,https://www.fencewizards.com/assets/photos/distribution-warehouse-panels-1000.jpg,Temporary fence panels closing off the dock doors of a distribution warehouse near Indianapolis
https://www.fencewizards.com/faq/,img,srcset,https://www.fencewizards.com/assets/photos/distribution-warehouse-panels.jpg,Temporary fence panels closing off the dock doors of a distribution warehouse near Indianapolis
https://www.fencewizards.com/faq/,img,src,https://www.fencewizards.com/assets/photos/windscreen-curve-downtown.jpg,A long run of windscreen curving along a downtown Indianapolis sidewalk
https://www.fencewizards.com/faq/,img,srcset,https://www.fencewizards.com/assets/photos/windscreen-curve-downtown-600.jpg,A long run of windscreen curving along a downtown Indianapolis sidewalk
https://www.fencewizards.com/faq/,img,srcset,https://www.fencewizards.com/assets/photos/windscreen-curve-downtown-1000.jpg,A long run of windscreen curving along a downtown Indianapolis sidewalk
https://www.fencewizards.com/faq/,img,srcset,https://www.fencewizards.com/assets/photos/windscreen-curve-downtown.jpg,A long run of windscreen curving along a downtown Indianapolis sidewalk
https://www.fencewizards.com/faq/,img,src,https://www.fencewizards.com/assets/photos/truck-and-panels.jpg,A wrapped Fence Wizards truck with a trailer of fence panels ready to leave for a job
https://www.fencewizards.com/faq/,img,srcset,https://www.fencewizards.com/assets/photos/truck-and-panels-600.jpg,A wrapped Fence Wizards truck with a trailer of fence panels ready to leave for a job
https://www.fencewizards.com/faq/,img,srcset,https://www.fencewizards.com/assets/photos/truck-and-panels-1000.jpg,A wrapped Fence Wizards truck with a trailer of fence panels ready to leave for a job
https://www.fencewizards.com/faq/,img,srcset,https://www.fencewizards.com/assets/photos/truck-and-panels.jpg,A wrapped Fence Wizards truck with a trailer of fence panels ready to leave for a job
https://www.fencewizards.com/faq/,img,src,https://www.fencewizards.com/assets/brand/fw-logo-knockout.png,Fence Wizards Rent A Fence
https://www.fencewizards.com/contact/,img,src,https://www.fencewizards.com/assets/brand/fw-mark-knockout.png,Fence Wizards Rent A Fence
https://www.fencewizards.com/contact/,img,src,https://www.fencewizards.com/assets/photos/barricades-outside-building.jpg,Crowd control barricades set outside a commercial building for an event
https://www.fencewizards.com/contact/,img,srcset,https://www.fencewizards.com/assets/photos/barricades-outside-building-600.jpg,Crowd control barricades set outside a commercial building for an event
https://www.fencewizards.com/contact/,img,srcset,https://www.fencewizards.com/assets/photos/barricades-outside-building-1000.jpg,Crowd control barricades set outside a commercial building for an event
https://www.fencewizards.com/contact/,img,srcset,https://www.fencewizards.com/assets/photos/barricades-outside-building.jpg,Crowd control barricades set outside a commercial building for an event
https://www.fencewizards.com/contact/,img,src,https://www.fencewizards.com/assets/photos/crew-at-fence.jpg,Three members of the Fence Wizards crew standing at a finished temporary fence line
https://www.fencewizards.com/contact/,img,srcset,https://www.fencewizards.com/assets/photos/crew-at-fence-600.jpg,Three members of the Fence Wizards crew standing at a finished temporary fence line
https://www.fencewizards.com/contact/,img,srcset,https://www.fencewizards.com/assets/photos/crew-at-fence-1000.jpg,Three members of the Fence Wizards crew standing at a finished temporary fence line
https://www.fencewizards.com/contact/,img,srcset,https://www.fencewizards.com/assets/photos/crew-at-fence.jpg,Three members of the Fence Wizards crew standing at a finished temporary fence line
https://www.fencewizards.com/contact/,img,src,https://www.fencewizards.com/assets/photos/truck-trailer-load.jpg,Two wrapped Fence Wizards trucks with loaded fence trailers on a gravel yard
https://www.fencewizards.com/contact/,img,srcset,https://www.fencewizards.com/assets/photos/truck-trailer-load-600.jpg,Two wrapped Fence Wizards trucks with loaded fence trailers on a gravel yard
https://www.fencewizards.com/contact/,img,srcset,https://www.fencewizards.com/assets/photos/truck-trailer-load-1000.jpg,Two wrapped Fence Wizards trucks with loaded fence trailers on a gravel yard
https://www.fencewizards.com/contact/,img,srcset,https://www.fencewizards.com/assets/photos/truck-trailer-load.jpg,Two wrapped Fence Wizards trucks with loaded fence trailers on a gravel yard
https://www.fencewizards.com/contact/,embed,src,"https://www.google.com/maps?q=Fence+Wizards+Rent+A+Fence,+1176+Newark+Ct,+Greenwood,+IN+46143&output=embed","Map showing Fence Wizards Rent A Fence in Greenwood, Indiana"
https://www.fencewizards.com/contact/,img,src,https://www.fencewizards.com/assets/photos/city-sidewalk-panels.jpg,Temporary fence panels along a city sidewalk on an Indianapolis street
https://www.fencewizards.com/contact/,img,srcset,https://www.fencewizards.com/assets/photos/city-sidewalk-panels-600.jpg,Temporary fence panels along a city sidewalk on an Indianapolis street
https://www.fencewizards.com/contact/,img,srcset,https://www.fencewizards.com/assets/photos/city-sidewalk-panels-1000.jpg,Temporary fence panels along a city sidewalk on an Indianapolis street
https://www.fencewizards.com/contact/,img,srcset,https://www.fencewizards.com/assets/photos/city-sidewalk-panels.jpg,Temporary fence panels along a city sidewalk on an Indianapolis street
https://www.fencewizards.com/contact/,img,src,https://www.fencewizards.com/assets/brand/fw-logo-knockout.png,Fence Wizards Rent A Fence
https://www.fencewizards.com/service-area/,img,src,https://www.fencewizards.com/assets/brand/fw-mark-knockout.png,Fence Wizards Rent A Fence
https://www.fencewizards.com/service-area/,img,src,https://www.fencewizards.com/assets/photos/open-field-run.jpg,"A long run of post driven temporary chain link fence across open ground, posts driven in with the fabric tensioned on them"
https://www.fencewizards.com/service-area/,img,srcset,https://www.fencewizards.com/assets/photos/open-field-run-600.jpg,"A long run of post driven temporary chain link fence across open ground, posts driven in with the fabric tensioned on them"
https://www.fencewizards.com/service-area/,img,srcset,https://www.fencewizards.com/assets/photos/open-field-run-1000.jpg,"A long run of post driven temporary chain link fence across open ground, posts driven in with the fabric tensioned on them"
https://www.fencewizards.com/service-area/,img,srcset,https://www.fencewizards.com/assets/photos/open-field-run.jpg,"A long run of post driven temporary chain link fence across open ground, posts driven in with the fabric tensioned on them"
https://www.fencewizards.com/service-area/,img,src,https://www.fencewizards.com/assets/photos/city-sidewalk-panels.jpg,Temporary fence panels along a city sidewalk on an Indianapolis street
https://www.fencewizards.com/service-area/,img,srcset,https://www.fencewizards.com/assets/photos/city-sidewalk-panels-600.jpg,Temporary fence panels along a city sidewalk on an Indianapolis street
https://www.fencewizards.com/service-area/,img,srcset,https://www.fencewizards.com/assets/photos/city-sidewalk-panels-1000.jpg,Temporary fence panels along a city sidewalk on an Indianapolis street
https://www.fencewizards.com/service-area/,img,srcset,https://www.fencewizards.com/assets/photos/city-sidewalk-panels.jpg,Temporary fence panels along a city sidewalk on an Indianapolis street
https://www.fencewizards.com/service-area/,img,src,https://www.fencewizards.com/assets/photos/windscreen-black-run.jpg,A black windscreen run enclosing a large paved lot
https://www.fencewizards.com/service-area/,img,srcset,https://www.fencewizards.com/assets/photos/windscreen-black-run-600.jpg,A black windscreen run enclosing a large paved lot
https://www.fencewizards.com/service-area/,img,srcset,https://www.fencewizards.com/assets/photos/windscreen-black-run-1000.jpg,A black windscreen run enclosing a large paved lot
https://www.fencewizards.com/service-area/,img,srcset,https://www.fencewizards.com/assets/photos/windscreen-black-run.jpg,A black windscreen run enclosing a large paved lot
https://www.fencewizards.com/service-area/,video-poster,poster,https://www.fencewizards.com/assets/video/street-trucks-trailer-poster.jpg,Aerial view of a wrapped truck and a trailer loaded with fence panels on a residential street
https://www.fencewizards.com/service-area/,video,data-sm,https://www.fencewizards.com/assets/video/street-trucks-trailer-960.mp4,Aerial view of a wrapped truck and a trailer loaded with fence panels on a residential street
https://www.fencewizards.com/service-area/,video,data-lg,https://www.fencewizards.com/assets/video/street-trucks-trailer-1600.mp4,Aerial view of a wrapped truck and a trailer loaded with fence panels on a residential street
https://www.fencewizards.com/service-area/,embed,src,"https://www.google.com/maps?q=Fence+Wizards+Rent+A+Fence,+1176+Newark+Ct,+Greenwood,+IN+46143&output=embed","Map showing Fence Wizards Rent A Fence in Greenwood, Indiana"
https://www.fencewizards.com/service-area/,img,src,https://www.fencewizards.com/assets/photos/skyline-panels-indianapolis.jpg,Temporary fence panels set on grass with the downtown Indianapolis skyline behind them
https://www.fencewizards.com/service-area/,img,srcset,https://www.fencewizards.com/assets/photos/skyline-panels-indianapolis-600.jpg,Temporary fence panels set on grass with the downtown Indianapolis skyline behind them
https://www.fencewizards.com/service-area/,img,srcset,https://www.fencewizards.com/assets/photos/skyline-panels-indianapolis-1000.jpg,Temporary fence panels set on grass with the downtown Indianapolis skyline behind them
https://www.fencewizards.com/service-area/,img,srcset,https://www.fencewizards.com/assets/photos/skyline-panels-indianapolis.jpg,Temporary fence panels set on grass with the downtown Indianapolis skyline behind them
https://www.fencewizards.com/service-area/,img,src,https://www.fencewizards.com/assets/brand/fw-logo-knockout.png,Fence Wizards Rent A Fence
https://www.fencewizards.com/blog/,img,src,https://www.fencewizards.com/assets/brand/fw-mark-knockout.png,Fence Wizards Rent A Fence
https://www.fencewizards.com/blog/,img,src,https://www.fencewizards.com/assets/brand/fw-logo-knockout.png,Fence Wizards Rent A Fence
https://www.fencewizards.com/blog/how-a-temporary-fence-rental-works/,img,src,https://www.fencewizards.com/assets/brand/fw-mark-knockout.png,Fence Wizards Rent A Fence
https://www.fencewizards.com/blog/how-a-temporary-fence-rental-works/,img,src,https://www.fencewizards.com/assets/brand/fw-logo-knockout.png,Fence Wizards Rent A Fence
https://www.fencewizards.com/service-area/indianapolis/,img,src,https://www.fencewizards.com/assets/brand/fw-mark-knockout.png,Fence Wizards Rent A Fence
https://www.fencewizards.com/service-area/indianapolis/,img,src,https://www.fencewizards.com/assets/photos/city-sidewalk-panels.jpg,Temporary fence panels along a city sidewalk on an Indianapolis street
https://www.fencewizards.com/service-area/indianapolis/,img,srcset,https://www.fencewizards.com/assets/photos/city-sidewalk-panels-600.jpg,Temporary fence panels along a city sidewalk on an Indianapolis street
https://www.fencewizards.com/service-area/indianapolis/,img,srcset,https://www.fencewizards.com/assets/photos/city-sidewalk-panels-1000.jpg,Temporary fence panels along a city sidewalk on an Indianapolis street
https://www.fencewizards.com/service-area/indianapolis/,img,srcset,https://www.fencewizards.com/assets/photos/city-sidewalk-panels.jpg,Temporary fence panels along a city sidewalk on an Indianapolis street
https://www.fencewizards.com/service-area/indianapolis/,img,src,https://www.fencewizards.com/assets/photos/downtown-lot-barriers.jpg,Temporary fence panels and barricades securing a lot in downtown Indianapolis
https://www.fencewizards.com/service-area/indianapolis/,img,srcset,https://www.fencewizards.com/assets/photos/downtown-lot-barriers-600.jpg,Temporary fence panels and barricades securing a lot in downtown Indianapolis
https://www.fencewizards.com/service-area/indianapolis/,img,srcset,https://www.fencewizards.com/assets/photos/downtown-lot-barriers-1000.jpg,Temporary fence panels and barricades securing a lot in downtown Indianapolis
https://www.fencewizards.com/service-area/indianapolis/,img,srcset,https://www.fencewizards.com/assets/photos/downtown-lot-barriers.jpg,Temporary fence panels and barricades securing a lot in downtown Indianapolis
https://www.fencewizards.com/service-area/indianapolis/,img,src,https://www.fencewizards.com/assets/photos/windscreen-building-run.jpg,Windscreen on temporary fence running along the base of a downtown building
https://www.fencewizards.com/service-area/indianapolis/,img,srcset,https://www.fencewizards.com/assets/photos/windscreen-building-run-600.jpg,Windscreen on temporary fence running along the base of a downtown building
https://www.fencewizards.com/service-area/indianapolis/,img,srcset,https://www.fencewizards.com/assets/photos/windscreen-building-run-1000.jpg,Windscreen on temporary fence running along the base of a downtown building
https://www.fencewizards.com/service-area/indianapolis/,img,srcset,https://www.fencewizards.com/assets/photos/windscreen-building-run.jpg,Windscreen on temporary fence running along the base of a downtown building
https://www.fencewizards.com/service-area/indianapolis/,img,src,https://www.fencewizards.com/assets/photos/barricades-indoor-line.jpg,A line of crowd control barricades set inside a building for an event
https://www.fencewizards.com/service-area/indianapolis/,img,srcset,https://www.fencewizards.com/assets/photos/barricades-indoor-line-600.jpg,A line of crowd control barricades set inside a building for an event
https://www.fencewizards.com/service-area/indianapolis/,img,srcset,https://www.fencewizards.com/assets/photos/barricades-indoor-line-1000.jpg,A line of crowd control barricades set inside a building for an event
https://www.fencewizards.com/service-area/indianapolis/,img,srcset,https://www.fencewizards.com/assets/photos/barricades-indoor-line.jpg,A line of crowd control barricades set inside a building for an event
https://www.fencewizards.com/service-area/indianapolis/,img,src,https://www.fencewizards.com/assets/photos/skyline-panels-indianapolis.jpg,Temporary fence panels set on grass with the downtown Indianapolis skyline behind them
https://www.fencewizards.com/service-area/indianapolis/,img,srcset,https://www.fencewizards.com/assets/photos/skyline-panels-indianapolis-600.jpg,Temporary fence panels set on grass with the downtown Indianapolis skyline behind them
https://www.fencewizards.com/service-area/indianapolis/,img,srcset,https://www.fencewizards.com/assets/photos/skyline-panels-indianapolis-1000.jpg,Temporary fence panels set on grass with the downtown Indianapolis skyline behind them
https://www.fencewizards.com/service-area/indianapolis/,img,srcset,https://www.fencewizards.com/assets/photos/skyline-panels-indianapolis.jpg,Temporary fence panels set on grass with the downtown Indianapolis skyline behind them
https://www.fencewizards.com/service-area/indianapolis/,img,src,https://www.fencewizards.com/assets/photos/sidewalk-windscreen.jpg,Windscreen on temporary fence along a sidewalk beside a venue
https://www.fencewizards.com/service-area/indianapolis/,img,srcset,https://www.fencewizards.com/assets/photos/sidewalk-windscreen-600.jpg,Windscreen on temporary fence along a sidewalk beside a venue
https://www.fencewizards.com/service-area/indianapolis/,img,srcset,https://www.fencewizards.com/assets/photos/sidewalk-windscreen-1000.jpg,Windscreen on temporary fence along a sidewalk beside a venue
https://www.fencewizards.com/service-area/indianapolis/,img,srcset,https://www.fencewizards.com/assets/photos/sidewalk-windscreen.jpg,Windscreen on temporary fence along a sidewalk beside a venue
https://www.fencewizards.com/service-area/indianapolis/,img,src,https://www.fencewizards.com/assets/brand/fw-logo-knockout.png,Fence Wizards Rent A Fence
https://www.fencewizards.com/service-area/greenwood/,img,src,https://www.fencewizards.com/assets/brand/fw-mark-knockout.png,Fence Wizards Rent A Fence
https://www.fencewizards.com/service-area/greenwood/,img,src,https://www.fencewizards.com/assets/photos/street-frontage-panels.jpg,Temporary fence panels along the street frontage of a residential block
https://www.fencewizards.com/service-area/greenwood/,img,srcset,https://www.fencewizards.com/assets/photos/street-frontage-panels-600.jpg,Temporary fence panels along the street frontage of a residential block
https://www.fencewizards.com/service-area/greenwood/,img,srcset,https://www.fencewizards.com/assets/photos/street-frontage-panels-1000.jpg,Temporary fence panels along the street frontage of a residential block
https://www.fencewizards.com/service-area/greenwood/,img,srcset,https://www.fencewizards.com/assets/photos/street-frontage-panels.jpg,Temporary fence panels along the street frontage of a residential block
https://www.fencewizards.com/service-area/greenwood/,img,src,https://www.fencewizards.com/assets/photos/truck-trailer-load.jpg,Two wrapped Fence Wizards trucks with loaded fence trailers on a gravel yard
https://www.fencewizards.com/service-area/greenwood/,img,srcset,https://www.fencewizards.com/assets/photos/truck-trailer-load-600.jpg,Two wrapped Fence Wizards trucks with loaded fence trailers on a gravel yard
https://www.fencewizards.com/service-area/greenwood/,img,srcset,https://www.fencewizards.com/assets/photos/truck-trailer-load-1000.jpg,Two wrapped Fence Wizards trucks with loaded fence trailers on a gravel yard
https://www.fencewizards.com/service-area/greenwood/,img,srcset,https://www.fencewizards.com/assets/photos/truck-trailer-load.jpg,Two wrapped Fence Wizards trucks with loaded fence trailers on a gravel yard
https://www.fencewizards.com/service-area/greenwood/,img,src,https://www.fencewizards.com/assets/photos/truck-side-wrap.jpg,The side of a wrapped Fence Wizards truck on a job site
https://www.fencewizards.com/service-area/greenwood/,img,srcset,https://www.fencewizards.com/assets/photos/truck-side-wrap-600.jpg,The side of a wrapped Fence Wizards truck on a job site
https://www.fencewizards.com/service-area/greenwood/,img,srcset,https://www.fencewizards.com/assets/photos/truck-side-wrap-1000.jpg,The side of a wrapped Fence Wizards truck on a job site
https://www.fencewizards.com/service-area/greenwood/,img,srcset,https://www.fencewizards.com/assets/photos/truck-side-wrap.jpg,The side of a wrapped Fence Wizards truck on a job site
https://www.fencewizards.com/service-area/greenwood/,img,src,https://www.fencewizards.com/assets/photos/dirt-lot-excavator.jpg,Temporary fence panels around a cleared dirt lot with an excavator working inside
https://www.fencewizards.com/service-area/greenwood/,img,srcset,https://www.fencewizards.com/assets/photos/dirt-lot-excavator-600.jpg,Temporary fence panels around a cleared dirt lot with an excavator working inside
https://www.fencewizards.com/service-area/greenwood/,img,srcset,https://www.fencewizards.com/assets/photos/dirt-lot-excavator-1000.jpg,Temporary fence panels around a cleared dirt lot with an excavator working inside
https://www.fencewizards.com/service-area/greenwood/,img,srcset,https://www.fencewizards.com/assets/photos/dirt-lot-excavator.jpg,Temporary fence panels around a cleared dirt lot with an excavator working inside
https://www.fencewizards.com/service-area/greenwood/,img,src,https://www.fencewizards.com/assets/photos/skyline-panels-indianapolis.jpg,Temporary fence panels set on grass with the downtown Indianapolis skyline behind them
https://www.fencewizards.com/service-area/greenwood/,img,srcset,https://www.fencewizards.com/assets/photos/skyline-panels-indianapolis-600.jpg,Temporary fence panels set on grass with the downtown Indianapolis skyline behind them
https://www.fencewizards.com/service-area/greenwood/,img,srcset,https://www.fencewizards.com/assets/photos/skyline-panels-indianapolis-1000.jpg,Temporary fence panels set on grass with the downtown Indianapolis skyline behind them
https://www.fencewizards.com/service-area/greenwood/,img,srcset,https://www.fencewizards.com/assets/photos/skyline-panels-indianapolis.jpg,Temporary fence panels set on grass with the downtown Indianapolis skyline behind them
https://www.fencewizards.com/service-area/greenwood/,img,src,https://www.fencewizards.com/assets/photos/gate-across-lot.jpg,A temporary fence gate set across the entrance to a lot
https://www.fencewizards.com/service-area/greenwood/,img,srcset,https://www.fencewizards.com/assets/photos/gate-across-lot-600.jpg,A temporary fence gate set across the entrance to a lot
https://www.fencewizards.com/service-area/greenwood/,img,srcset,https://www.fencewizards.com/assets/photos/gate-across-lot-1000.jpg,A temporary fence gate set across the entrance to a lot
https://www.fencewizards.com/service-area/greenwood/,img,srcset,https://www.fencewizards.com/assets/photos/gate-across-lot.jpg,A temporary fence gate set across the entrance to a lot
https://www.fencewizards.com/service-area/greenwood/,img,src,https://www.fencewizards.com/assets/brand/fw-logo-knockout.png,Fence Wizards Rent A Fence
https://www.fencewizards.com/service-area/carmel/,img,src,https://www.fencewizards.com/assets/brand/fw-mark-knockout.png,Fence Wizards Rent A Fence
https://www.fencewizards.com/service-area/carmel/,img,src,https://www.fencewizards.com/assets/photos/apartment-build-finished.jpg,Temporary fence panels around a finished multi family building before handover
https://www.fencewizards.com/service-area/carmel/,img,srcset,https://www.fencewizards.com/assets/photos/apartment-build-finished-600.jpg,Temporary fence panels around a finished multi family building before handover
https://www.fencewizards.com/service-area/carmel/,img,srcset,https://www.fencewizards.com/assets/photos/apartment-build-finished-1000.jpg,Temporary fence panels around a finished multi family building before handover
https://www.fencewizards.com/service-area/carmel/,img,srcset,https://www.fencewizards.com/assets/photos/apartment-build-finished.jpg,Temporary fence panels around a finished multi family building before handover
https://www.fencewizards.com/service-area/carmel/,img,src,https://www.fencewizards.com/assets/photos/apartment-build-wrapped.jpg,Temporary fence panels around an apartment building under construction with weather wrap on the walls
https://www.fencewizards.com/service-area/carmel/,img,srcset,https://www.fencewizards.com/assets/photos/apartment-build-wrapped-600.jpg,Temporary fence panels around an apartment building under construction with weather wrap on the walls
https://www.fencewizards.com/service-area/carmel/,img,srcset,https://www.fencewizards.com/assets/photos/apartment-build-wrapped-1000.jpg,Temporary fence panels around an apartment building under construction with weather wrap on the walls
https://www.fencewizards.com/service-area/carmel/,img,srcset,https://www.fencewizards.com/assets/photos/apartment-build-wrapped.jpg,Temporary fence panels around an apartment building under construction with weather wrap on the walls
https://www.fencewizards.com/service-area/carmel/,img,src,https://www.fencewizards.com/assets/photos/green-windscreen-lot.jpg,Green windscreen on temporary fence enclosing a paved parking lot
https://www.fencewizards.com/service-area/carmel/,img,srcset,https://www.fencewizards.com/assets/photos/green-windscreen-lot-600.jpg,Green windscreen on temporary fence enclosing a paved parking lot
https://www.fencewizards.com/service-area/carmel/,img,srcset,https://www.fencewizards.com/assets/photos/green-windscreen-lot-1000.jpg,Green windscreen on temporary fence enclosing a paved parking lot
https://www.fencewizards.com/service-area/carmel/,img,srcset,https://www.fencewizards.com/assets/photos/green-windscreen-lot.jpg,Green windscreen on temporary fence enclosing a paved parking lot
https://www.fencewizards.com/service-area/carmel/,img,src,https://www.fencewizards.com/assets/photos/windscreen-lot-run.jpg,A long black windscreen run enclosing a paved lot
https://www.fencewizards.com/service-area/carmel/,img,srcset,https://www.fencewizards.com/assets/photos/windscreen-lot-run-600.jpg,A long black windscreen run enclosing a paved lot
https://www.fencewizards.com/service-area/carmel/,img,srcset,https://www.fencewizards.com/assets/photos/windscreen-lot-run-1000.jpg,A long black windscreen run enclosing a paved lot
https://www.fencewizards.com/service-area/carmel/,img,srcset,https://www.fencewizards.com/assets/photos/windscreen-lot-run.jpg,A long black windscreen run enclosing a paved lot
https://www.fencewizards.com/service-area/carmel/,img,src,https://www.fencewizards.com/assets/photos/skyline-panels-indianapolis.jpg,Temporary fence panels set on grass with the downtown Indianapolis skyline behind them
https://www.fencewizards.com/service-area/carmel/,img,srcset,https://www.fencewizards.com/assets/photos/skyline-panels-indianapolis-600.jpg,Temporary fence panels set on grass with the downtown Indianapolis skyline behind them
https://www.fencewizards.com/service-area/carmel/,img,srcset,https://www.fencewizards.com/assets/photos/skyline-panels-indianapolis-1000.jpg,Temporary fence panels set on grass with the downtown Indianapolis skyline behind them
https://www.fencewizards.com/service-area/carmel/,img,srcset,https://www.fencewizards.com/assets/photos/skyline-panels-indianapolis.jpg,Temporary fence panels set on grass with the downtown Indianapolis skyline behind them
https://www.fencewizards.com/service-area/carmel/,img,src,https://www.fencewizards.com/assets/photos/stacked-panels-site.jpg,Temporary fence panels protecting stacked building materials on a job site
https://www.fencewizards.com/service-area/carmel/,img,srcset,https://www.fencewizards.com/assets/photos/stacked-panels-site-600.jpg,Temporary fence panels protecting stacked building materials on a job site
https://www.fencewizards.com/service-area/carmel/,img,srcset,https://www.fencewizards.com/assets/photos/stacked-panels-site-1000.jpg,Temporary fence panels protecting stacked building materials on a job site
https://www.fencewizards.com/service-area/carmel/,img,srcset,https://www.fencewizards.com/assets/photos/stacked-panels-site.jpg,Temporary fence panels protecting stacked building materials on a job site
https://www.fencewizards.com/service-area/carmel/,img,src,https://www.fencewizards.com/assets/brand/fw-logo-knockout.png,Fence Wizards Rent A Fence
https://www.fencewizards.com/service-area/fishers/,img,src,https://www.fencewizards.com/assets/brand/fw-mark-knockout.png,Fence Wizards Rent A Fence
https://www.fencewizards.com/service-area/fishers/,img,src,https://www.fencewizards.com/assets/photos/apartment-build-wrapped.jpg,Temporary fence panels around an apartment building under construction with weather wrap on the walls
https://www.fencewizards.com/service-area/fishers/,img,srcset,https://www.fencewizards.com/assets/photos/apartment-build-wrapped-600.jpg,Temporary fence panels around an apartment building under construction with weather wrap on the walls
https://www.fencewizards.com/service-area/fishers/,img,srcset,https://www.fencewizards.com/assets/photos/apartment-build-wrapped-1000.jpg,Temporary fence panels around an apartment building under construction with weather wrap on the walls
https://www.fencewizards.com/service-area/fishers/,img,srcset,https://www.fencewizards.com/assets/photos/apartment-build-wrapped.jpg,Temporary fence panels around an apartment building under construction with weather wrap on the walls
https://www.fencewizards.com/service-area/fishers/,img,src,https://www.fencewizards.com/assets/photos/windscreen-lot-run.jpg,A run of windscreen on temporary fence enclosing a commercial lot
https://www.fencewizards.com/service-area/fishers/,img,srcset,https://www.fencewizards.com/assets/photos/windscreen-lot-run-600.jpg,A run of windscreen on temporary fence enclosing a commercial lot
https://www.fencewizards.com/service-area/fishers/,img,srcset,https://www.fencewizards.com/assets/photos/windscreen-lot-run-1000.jpg,A run of windscreen on temporary fence enclosing a commercial lot
https://www.fencewizards.com/service-area/fishers/,img,srcset,https://www.fencewizards.com/assets/photos/windscreen-lot-run.jpg,A run of windscreen on temporary fence enclosing a commercial lot
https://www.fencewizards.com/service-area/fishers/,img,src,https://www.fencewizards.com/assets/photos/barricades-outside-building.jpg,Crowd control barricades set outside a commercial building for an event
https://www.fencewizards.com/service-area/fishers/,img,srcset,https://www.fencewizards.com/assets/photos/barricades-outside-building-600.jpg,Crowd control barricades set outside a commercial building for an event
https://www.fencewizards.com/service-area/fishers/,img,srcset,https://www.fencewizards.com/assets/photos/barricades-outside-building-1000.jpg,Crowd control barricades set outside a commercial building for an event
https://www.fencewizards.com/service-area/fishers/,img,srcset,https://www.fencewizards.com/assets/photos/barricades-outside-building.jpg,Crowd control barricades set outside a commercial building for an event
https://www.fencewizards.com/service-area/fishers/,img,src,https://www.fencewizards.com/assets/photos/gate-across-lot.jpg,A temporary fence gate set across the entrance to a lot
https://www.fencewizards.com/service-area/fishers/,img,srcset,https://www.fencewizards.com/assets/photos/gate-across-lot-600.jpg,A temporary fence gate set across the entrance to a lot
https://www.fencewizards.com/service-area/fishers/,img,srcset,https://www.fencewizards.com/assets/photos/gate-across-lot-1000.jpg,A temporary fence gate set across the entrance to a lot
https://www.fencewizards.com/service-area/fishers/,img,srcset,https://www.fencewizards.com/assets/photos/gate-across-lot.jpg,A temporary fence gate set across the entrance to a lot
https://www.fencewizards.com/service-area/fishers/,img,src,https://www.fencewizards.com/assets/photos/skyline-panels-indianapolis.jpg,Temporary fence panels set on grass with the downtown Indianapolis skyline behind them
https://www.fencewizards.com/service-area/fishers/,img,srcset,https://www.fencewizards.com/assets/photos/skyline-panels-indianapolis-600.jpg,Temporary fence panels set on grass with the downtown Indianapolis skyline behind them
https://www.fencewizards.com/service-area/fishers/,img,srcset,https://www.fencewizards.com/assets/photos/skyline-panels-indianapolis-1000.jpg,Temporary fence panels set on grass with the downtown Indianapolis skyline behind them
https://www.fencewizards.com/service-area/fishers/,img,srcset,https://www.fencewizards.com/assets/photos/skyline-panels-indianapolis.jpg,Temporary fence panels set on grass with the downtown Indianapolis skyline behind them
https://www.fencewizards.com/service-area/fishers/,img,src,https://www.fencewizards.com/assets/photos/street-frontage-panels.jpg,Temporary fence panels along the street frontage of a residential block
https://www.fencewizards.com/service-area/fishers/,img,srcset,https://www.fencewizards.com/assets/photos/street-frontage-panels-600.jpg,Temporary fence panels along the street frontage of a residential block
https://www.fencewizards.com/service-area/fishers/,img,srcset,https://www.fencewizards.com/assets/photos/street-frontage-panels-1000.jpg,Temporary fence panels along the street frontage of a residential block
https://www.fencewizards.com/service-area/fishers/,img,srcset,https://www.fencewizards.com/assets/photos/street-frontage-panels.jpg,Temporary fence panels along the street frontage of a residential block
https://www.fencewizards.com/service-area/fishers/,img,src,https://www.fencewizards.com/assets/brand/fw-logo-knockout.png,Fence Wizards Rent A Fence
https://www.fencewizards.com/service-area/noblesville/,img,src,https://www.fencewizards.com/assets/brand/fw-mark-knockout.png,Fence Wizards Rent A Fence
https://www.fencewizards.com/service-area/noblesville/,img,src,https://www.fencewizards.com/assets/photos/open-field-run.jpg,"A long run of post driven temporary chain link fence across open ground, posts driven in with the fabric tensioned on them"
https://www.fencewizards.com/service-area/noblesville/,img,srcset,https://www.fencewizards.com/assets/photos/open-field-run-600.jpg,"A long run of post driven temporary chain link fence across open ground, posts driven in with the fabric tensioned on them"
https://www.fencewizards.com/service-area/noblesville/,img,srcset,https://www.fencewizards.com/assets/photos/open-field-run-1000.jpg,"A long run of post driven temporary chain link fence across open ground, posts driven in with the fabric tensioned on them"
https://www.fencewizards.com/service-area/noblesville/,img,srcset,https://www.fencewizards.com/assets/photos/open-field-run.jpg,"A long run of post driven temporary chain link fence across open ground, posts driven in with the fabric tensioned on them"
https://www.fencewizards.com/service-area/noblesville/,img,src,https://www.fencewizards.com/assets/photos/event-lawn-tent.jpg,Temporary fence panels around an event lawn with a white tent behind them
https://www.fencewizards.com/service-area/noblesville/,img,srcset,https://www.fencewizards.com/assets/photos/event-lawn-tent-600.jpg,Temporary fence panels around an event lawn with a white tent behind them
https://www.fencewizards.com/service-area/noblesville/,img,srcset,https://www.fencewizards.com/assets/photos/event-lawn-tent-1000.jpg,Temporary fence panels around an event lawn with a white tent behind them
https://www.fencewizards.com/service-area/noblesville/,img,srcset,https://www.fencewizards.com/assets/photos/event-lawn-tent.jpg,Temporary fence panels around an event lawn with a white tent behind them
https://www.fencewizards.com/service-area/noblesville/,img,src,https://www.fencewizards.com/assets/photos/muddy-site-edge.jpg,Temporary fence running along the muddy edge of an active construction site
https://www.fencewizards.com/service-area/noblesville/,img,srcset,https://www.fencewizards.com/assets/photos/muddy-site-edge-600.jpg,Temporary fence running along the muddy edge of an active construction site
https://www.fencewizards.com/service-area/noblesville/,img,srcset,https://www.fencewizards.com/assets/photos/muddy-site-edge-1000.jpg,Temporary fence running along the muddy edge of an active construction site
https://www.fencewizards.com/service-area/noblesville/,img,srcset,https://www.fencewizards.com/assets/photos/muddy-site-edge.jpg,Temporary fence running along the muddy edge of an active construction site
https://www.fencewizards.com/service-area/noblesville/,img,src,https://www.fencewizards.com/assets/photos/stacked-panels-site.jpg,Temporary fence panels protecting stacked building materials on a job site
https://www.fencewizards.com/service-area/noblesville/,img,srcset,https://www.fencewizards.com/assets/photos/stacked-panels-site-600.jpg,Temporary fence panels protecting stacked building materials on a job site
https://www.fencewizards.com/service-area/noblesville/,img,srcset,https://www.fencewizards.com/assets/photos/stacked-panels-site-1000.jpg,Temporary fence panels protecting stacked building materials on a job site
https://www.fencewizards.com/service-area/noblesville/,img,srcset,https://www.fencewizards.com/assets/photos/stacked-panels-site.jpg,Temporary fence panels protecting stacked building materials on a job site
https://www.fencewizards.com/service-area/noblesville/,img,src,https://www.fencewizards.com/assets/photos/skyline-panels-indianapolis.jpg,Temporary fence panels set on grass with the downtown Indianapolis skyline behind them
https://www.fencewizards.com/service-area/noblesville/,img,srcset,https://www.fencewizards.com/assets/photos/skyline-panels-indianapolis-600.jpg,Temporary fence panels set on grass with the downtown Indianapolis skyline behind them
https://www.fencewizards.com/service-area/noblesville/,img,srcset,https://www.fencewizards.com/assets/photos/skyline-panels-indianapolis-1000.jpg,Temporary fence panels set on grass with the downtown Indianapolis skyline behind them
https://www.fencewizards.com/service-area/noblesville/,img,srcset,https://www.fencewizards.com/assets/photos/skyline-panels-indianapolis.jpg,Temporary fence panels set on grass with the downtown Indianapolis skyline behind them
https://www.fencewizards.com/service-area/noblesville/,img,src,https://www.fencewizards.com/assets/photos/barricades-venue.jpg,Crowd control barricades set inside a venue with a vehicle parked behind them
https://www.fencewizards.com/service-area/noblesville/,img,srcset,https://www.fencewizards.com/assets/photos/barricades-venue-600.jpg,Crowd control barricades set inside a venue with a vehicle parked behind them
https://www.fencewizards.com/service-area/noblesville/,img,srcset,https://www.fencewizards.com/assets/photos/barricades-venue-1000.jpg,Crowd control barricades set inside a venue with a vehicle parked behind them
https://www.fencewizards.com/service-area/noblesville/,img,srcset,https://www.fencewizards.com/assets/photos/barricades-venue.jpg,Crowd control barricades set inside a venue with a vehicle parked behind them
https://www.fencewizards.com/service-area/noblesville/,img,src,https://www.fencewizards.com/assets/brand/fw-logo-knockout.png,Fence Wizards Rent A Fence
https://www.fencewizards.com/service-area/westfield/,img,src,https://www.fencewizards.com/assets/brand/fw-mark-knockout.png,Fence Wizards Rent A Fence
https://www.fencewizards.com/service-area/westfield/,img,src,https://www.fencewizards.com/assets/photos/field-run-two.jpg,"A post driven temporary chain link fence running the length of a grass field, with the posts set straight into the ground"
https://www.fencewizards.com/service-area/westfield/,img,srcset,https://www.fencewizards.com/assets/photos/field-run-two-600.jpg,"A post driven temporary chain link fence running the length of a grass field, with the posts set straight into the ground"
https://www.fencewizards.com/service-area/westfield/,img,srcset,https://www.fencewizards.com/assets/photos/field-run-two-1000.jpg,"A post driven temporary chain link fence running the length of a grass field, with the posts set straight into the ground"
https://www.fencewizards.com/service-area/westfield/,img,srcset,https://www.fencewizards.com/assets/photos/field-run-two.jpg,"A post driven temporary chain link fence running the length of a grass field, with the posts set straight into the ground"
https://www.fencewizards.com/service-area/westfield/,img,src,https://www.fencewizards.com/assets/photos/barricades-outside-building.jpg,Crowd control barricades set outside a commercial building for an event
https://www.fencewizards.com/service-area/westfield/,img,srcset,https://www.fencewizards.com/assets/photos/barricades-outside-building-600.jpg,Crowd control barricades set outside a commercial building for an event
https://www.fencewizards.com/service-area/westfield/,img,srcset,https://www.fencewizards.com/assets/photos/barricades-outside-building-1000.jpg,Crowd control barricades set outside a commercial building for an event
https://www.fencewizards.com/service-area/westfield/,img,srcset,https://www.fencewizards.com/assets/photos/barricades-outside-building.jpg,Crowd control barricades set outside a commercial building for an event
https://www.fencewizards.com/service-area/westfield/,img,src,https://www.fencewizards.com/assets/photos/event-windscreen-tent.jpg,Windscreen fitted to temporary fence panels screening an event tent
https://www.fencewizards.com/service-area/westfield/,img,srcset,https://www.fencewizards.com/assets/photos/event-windscreen-tent-600.jpg,Windscreen fitted to temporary fence panels screening an event tent
https://www.fencewizards.com/service-area/westfield/,img,srcset,https://www.fencewizards.com/assets/photos/event-windscreen-tent-1000.jpg,Windscreen fitted to temporary fence panels screening an event tent
https://www.fencewizards.com/service-area/westfield/,img,srcset,https://www.fencewizards.com/assets/photos/event-windscreen-tent.jpg,Windscreen fitted to temporary fence panels screening an event tent
https://www.fencewizards.com/service-area/westfield/,img,src,https://www.fencewizards.com/assets/photos/orange-safety-run.jpg,Temporary fence and safety fence running along the edge of a site
https://www.fencewizards.com/service-area/westfield/,img,srcset,https://www.fencewizards.com/assets/photos/orange-safety-run-600.jpg,Temporary fence and safety fence running along the edge of a site
https://www.fencewizards.com/service-area/westfield/,img,srcset,https://www.fencewizards.com/assets/photos/orange-safety-run-1000.jpg,Temporary fence and safety fence running along the edge of a site
https://www.fencewizards.com/service-area/westfield/,img,srcset,https://www.fencewizards.com/assets/photos/orange-safety-run.jpg,Temporary fence and safety fence running along the edge of a site
https://www.fencewizards.com/service-area/westfield/,img,src,https://www.fencewizards.com/assets/photos/skyline-panels-indianapolis.jpg,Temporary fence panels set on grass with the downtown Indianapolis skyline behind them
https://www.fencewizards.com/service-area/westfield/,img,srcset,https://www.fencewizards.com/assets/photos/skyline-panels-indianapolis-600.jpg,Temporary fence panels set on grass with the downtown Indianapolis skyline behind them
https://www.fencewizards.com/service-area/westfield/,img,srcset,https://www.fencewizards.com/assets/photos/skyline-panels-indianapolis-1000.jpg,Temporary fence panels set on grass with the downtown Indianapolis skyline behind them
https://www.fencewizards.com/service-area/westfield/,img,srcset,https://www.fencewizards.com/assets/photos/skyline-panels-indianapolis.jpg,Temporary fence panels set on grass with the downtown Indianapolis skyline behind them
https://www.fencewizards.com/service-area/westfield/,img,src,https://www.fencewizards.com/assets/photos/apartment-build-finished.jpg,Temporary fence panels around a finished multi family building before handover
https://www.fencewizards.com/service-area/westfield/,img,srcset,https://www.fencewizards.com/assets/photos/apartment-build-finished-600.jpg,Temporary fence panels around a finished multi family building before handover
https://www.fencewizards.com/service-area/westfield/,img,srcset,https://www.fencewizards.com/assets/photos/apartment-build-finished-1000.jpg,Temporary fence panels around a finished multi family building before handover
https://www.fencewizards.com/service-area/westfield/,img,srcset,https://www.fencewizards.com/assets/photos/apartment-build-finished.jpg,Temporary fence panels around a finished multi family building before handover
https://www.fencewizards.com/service-area/westfield/,img,src,https://www.fencewizards.com/assets/brand/fw-logo-knockout.png,Fence Wizards Rent A Fence
https://www.fencewizards.com/service-area/zionsville/,img,src,https://www.fencewizards.com/assets/brand/fw-mark-knockout.png,Fence Wizards Rent A Fence
https://www.fencewizards.com/service-area/zionsville/,img,src,https://www.fencewizards.com/assets/photos/windscreen-curve-downtown.jpg,A long run of windscreen curving along a downtown Indianapolis sidewalk
https://www.fencewizards.com/service-area/zionsville/,img,srcset,https://www.fencewizards.com/assets/photos/windscreen-curve-downtown-600.jpg,A long run of windscreen curving along a downtown Indianapolis sidewalk
https://www.fencewizards.com/service-area/zionsville/,img,srcset,https://www.fencewizards.com/assets/photos/windscreen-curve-downtown-1000.jpg,A long run of windscreen curving along a downtown Indianapolis sidewalk
https://www.fencewizards.com/service-area/zionsville/,img,srcset,https://www.fencewizards.com/assets/photos/windscreen-curve-downtown.jpg,A long run of windscreen curving along a downtown Indianapolis sidewalk
https://www.fencewizards.com/service-area/zionsville/,img,src,https://www.fencewizards.com/assets/photos/street-frontage-panels.jpg,Temporary fence panels along the street frontage of a residential block
https://www.fencewizards.com/service-area/zionsville/,img,srcset,https://www.fencewizards.com/assets/photos/street-frontage-panels-600.jpg,Temporary fence panels along the street frontage of a residential block
https://www.fencewizards.com/service-area/zionsville/,img,srcset,https://www.fencewizards.com/assets/photos/street-frontage-panels-1000.jpg,Temporary fence panels along the street frontage of a residential block
https://www.fencewizards.com/service-area/zionsville/,img,srcset,https://www.fencewizards.com/assets/photos/street-frontage-panels.jpg,Temporary fence panels along the street frontage of a residential block
https://www.fencewizards.com/service-area/zionsville/,img,src,https://www.fencewizards.com/assets/photos/green-windscreen-lot.jpg,Green windscreen fitted to temporary fencing around a lot
https://www.fencewizards.com/service-area/zionsville/,img,srcset,https://www.fencewizards.com/assets/photos/green-windscreen-lot-600.jpg,Green windscreen fitted to temporary fencing around a lot
https://www.fencewizards.com/service-area/zionsville/,img,srcset,https://www.fencewizards.com/assets/photos/green-windscreen-lot-1000.jpg,Green windscreen fitted to temporary fencing around a lot
https://www.fencewizards.com/service-area/zionsville/,img,srcset,https://www.fencewizards.com/assets/photos/green-windscreen-lot.jpg,Green windscreen fitted to temporary fencing around a lot
https://www.fencewizards.com/service-area/zionsville/,img,src,https://www.fencewizards.com/assets/photos/cleared-lot-neighborhood.jpg,Temporary fence panels around a cleared lot in an Indianapolis neighborhood
https://www.fencewizards.com/service-area/zionsville/,img,srcset,https://www.fencewizards.com/assets/photos/cleared-lot-neighborhood-600.jpg,Temporary fence panels around a cleared lot in an Indianapolis neighborhood
https://www.fencewizards.com/service-area/zionsville/,img,srcset,https://www.fencewizards.com/assets/photos/cleared-lot-neighborhood-1000.jpg,Temporary fence panels around a cleared lot in an Indianapolis neighborhood
https://www.fencewizards.com/service-area/zionsville/,img,srcset,https://www.fencewizards.com/assets/photos/cleared-lot-neighborhood.jpg,Temporary fence panels around a cleared lot in an Indianapolis neighborhood
https://www.fencewizards.com/service-area/zionsville/,img,src,https://www.fencewizards.com/assets/photos/skyline-panels-indianapolis.jpg,Temporary fence panels set on grass with the downtown Indianapolis skyline behind them
https://www.fencewizards.com/service-area/zionsville/,img,srcset,https://www.fencewizards.com/assets/photos/skyline-panels-indianapolis-600.jpg,Temporary fence panels set on grass with the downtown Indianapolis skyline behind them
https://www.fencewizards.com/service-area/zionsville/,img,srcset,https://www.fencewizards.com/assets/photos/skyline-panels-indianapolis-1000.jpg,Temporary fence panels set on grass with the downtown Indianapolis skyline behind them
https://www.fencewizards.com/service-area/zionsville/,img,srcset,https://www.fencewizards.com/assets/photos/skyline-panels-indianapolis.jpg,Temporary fence panels set on grass with the downtown Indianapolis skyline behind them
https://www.fencewizards.com/service-area/zionsville/,img,src,https://www.fencewizards.com/assets/photos/gate-across-lot.jpg,A temporary fence gate set across the entrance to a lot
https://www.fencewizards.com/service-area/zionsville/,img,srcset,https://www.fencewizards.com/assets/photos/gate-across-lot-600.jpg,A temporary fence gate set across the entrance to a lot
https://www.fencewizards.com/service-area/zionsville/,img,srcset,https://www.fencewizards.com/assets/photos/gate-across-lot-1000.jpg,A temporary fence gate set across the entrance to a lot
https://www.fencewizards.com/service-area/zionsville/,img,srcset,https://www.fencewizards.com/assets/photos/gate-across-lot.jpg,A temporary fence gate set across the entrance to a lot
https://www.fencewizards.com/service-area/zionsville/,img,src,https://www.fencewizards.com/assets/brand/fw-logo-knockout.png,Fence Wizards Rent A Fence
https://www.fencewizards.com/service-area/speedway/,img,src,https://www.fencewizards.com/assets/brand/fw-mark-knockout.png,Fence Wizards Rent A Fence
https://www.fencewizards.com/service-area/speedway/,img,src,https://www.fencewizards.com/assets/photos/barricades-indoor-line.jpg,A line of crowd control barricades set inside a building for an event
https://www.fencewizards.com/service-area/speedway/,img,srcset,https://www.fencewizards.com/assets/photos/barricades-indoor-line-600.jpg,A line of crowd control barricades set inside a building for an event
https://www.fencewizards.com/service-area/speedway/,img,srcset,https://www.fencewizards.com/assets/photos/barricades-indoor-line-1000.jpg,A line of crowd control barricades set inside a building for an event
https://www.fencewizards.com/service-area/speedway/,img,srcset,https://www.fencewizards.com/assets/photos/barricades-indoor-line.jpg,A line of crowd control barricades set inside a building for an event
https://www.fencewizards.com/service-area/speedway/,img,src,https://www.fencewizards.com/assets/photos/barricades-venue.jpg,Crowd control barricades set inside a venue with a vehicle parked behind them
https://www.fencewizards.com/service-area/speedway/,img,srcset,https://www.fencewizards.com/assets/photos/barricades-venue-600.jpg,Crowd control barricades set inside a venue with a vehicle parked behind them
https://www.fencewizards.com/service-area/speedway/,img,srcset,https://www.fencewizards.com/assets/photos/barricades-venue-1000.jpg,Crowd control barricades set inside a venue with a vehicle parked behind them
https://www.fencewizards.com/service-area/speedway/,img,srcset,https://www.fencewizards.com/assets/photos/barricades-venue.jpg,Crowd control barricades set inside a venue with a vehicle parked behind them
https://www.fencewizards.com/service-area/speedway/,img,src,https://www.fencewizards.com/assets/photos/event-windscreen-tent.jpg,Windscreen fitted to temporary fence panels screening an event tent
https://www.fencewizards.com/service-area/speedway/,img,srcset,https://www.fencewizards.com/assets/photos/event-windscreen-tent-600.jpg,Windscreen fitted to temporary fence panels screening an event tent
https://www.fencewizards.com/service-area/speedway/,img,srcset,https://www.fencewizards.com/assets/photos/event-windscreen-tent-1000.jpg,Windscreen fitted to temporary fence panels screening an event tent
https://www.fencewizards.com/service-area/speedway/,img,srcset,https://www.fencewizards.com/assets/photos/event-windscreen-tent.jpg,Windscreen fitted to temporary fence panels screening an event tent
https://www.fencewizards.com/service-area/speedway/,img,src,https://www.fencewizards.com/assets/photos/printed-windscreen-banners.jpg,Printed windscreen panels carrying sponsor graphics on a temporary fence beside a road
https://www.fencewizards.com/service-area/speedway/,img,srcset,https://www.fencewizards.com/assets/photos/printed-windscreen-banners-600.jpg,Printed windscreen panels carrying sponsor graphics on a temporary fence beside a road
https://www.fencewizards.com/service-area/speedway/,img,srcset,https://www.fencewizards.com/assets/photos/printed-windscreen-banners-1000.jpg,Printed windscreen panels carrying sponsor graphics on a temporary fence beside a road
https://www.fencewizards.com/service-area/speedway/,img,srcset,https://www.fencewizards.com/assets/photos/printed-windscreen-banners.jpg,Printed windscreen panels carrying sponsor graphics on a temporary fence beside a road
https://www.fencewizards.com/service-area/speedway/,img,src,https://www.fencewizards.com/assets/photos/skyline-panels-indianapolis.jpg,Temporary fence panels set on grass with the downtown Indianapolis skyline behind them
https://www.fencewizards.com/service-area/speedway/,img,srcset,https://www.fencewizards.com/assets/photos/skyline-panels-indianapolis-600.jpg,Temporary fence panels set on grass with the downtown Indianapolis skyline behind them
https://www.fencewizards.com/service-area/speedway/,img,srcset,https://www.fencewizards.com/assets/photos/skyline-panels-indianapolis-1000.jpg,Temporary fence panels set on grass with the downtown Indianapolis skyline behind them
https://www.fencewizards.com/service-area/speedway/,img,srcset,https://www.fencewizards.com/assets/photos/skyline-panels-indianapolis.jpg,Temporary fence panels set on grass with the downtown Indianapolis skyline behind them
https://www.fencewizards.com/service-area/speedway/,img,src,https://www.fencewizards.com/assets/photos/city-sidewalk-panels.jpg,Temporary fence panels along a city sidewalk on an Indianapolis street
https://www.fencewizards.com/service-area/speedway/,img,srcset,https://www.fencewizards.com/assets/photos/city-sidewalk-panels-600.jpg,Temporary fence panels along a city sidewalk on an Indianapolis street
https://www.fencewizards.com/service-area/speedway/,img,srcset,https://www.fencewizards.com/assets/photos/city-sidewalk-panels-1000.jpg,Temporary fence panels along a city sidewalk on an Indianapolis street
https://www.fencewizards.com/service-area/speedway/,img,srcset,https://www.fencewizards.com/assets/photos/city-sidewalk-panels.jpg,Temporary fence panels along a city sidewalk on an Indianapolis street
https://www.fencewizards.com/service-area/speedway/,img,src,https://www.fencewizards.com/assets/brand/fw-logo-knockout.png,Fence Wizards Rent A Fence
https://www.fencewizards.com/service-area/plainfield/,img,src,https://www.fencewizards.com/assets/brand/fw-mark-knockout.png,Fence Wizards Rent A Fence
https://www.fencewizards.com/service-area/plainfield/,img,src,https://www.fencewizards.com/assets/photos/distribution-warehouse-panels.jpg,Temporary fence panels closing off the dock doors of a distribution warehouse near Indianapolis
https://www.fencewizards.com/service-area/plainfield/,img,srcset,https://www.fencewizards.com/assets/photos/distribution-warehouse-panels-600.jpg,Temporary fence panels closing off the dock doors of a distribution warehouse near Indianapolis
https://www.fencewizards.com/service-area/plainfield/,img,srcset,https://www.fencewizards.com/assets/photos/distribution-warehouse-panels-1000.jpg,Temporary fence panels closing off the dock doors of a distribution warehouse near Indianapolis
https://www.fencewizards.com/service-area/plainfield/,img,srcset,https://www.fencewizards.com/assets/photos/distribution-warehouse-panels.jpg,Temporary fence panels closing off the dock doors of a distribution warehouse near Indianapolis
https://www.fencewizards.com/service-area/plainfield/,img,src,https://www.fencewizards.com/assets/photos/shipping-container-lot.jpg,Temporary fencing around a lot with shipping containers stored inside it
https://www.fencewizards.com/service-area/plainfield/,img,srcset,https://www.fencewizards.com/assets/photos/shipping-container-lot-600.jpg,Temporary fencing around a lot with shipping containers stored inside it
https://www.fencewizards.com/service-area/plainfield/,img,srcset,https://www.fencewizards.com/assets/photos/shipping-container-lot-1000.jpg,Temporary fencing around a lot with shipping containers stored inside it
https://www.fencewizards.com/service-area/plainfield/,img,srcset,https://www.fencewizards.com/assets/photos/shipping-container-lot.jpg,Temporary fencing around a lot with shipping containers stored inside it
https://www.fencewizards.com/service-area/plainfield/,img,src,https://www.fencewizards.com/assets/photos/loading-area-panels.jpg,Temporary fence panels closing a loading area beside a commercial building
https://www.fencewizards.com/service-area/plainfield/,img,srcset,https://www.fencewizards.com/assets/photos/loading-area-panels-600.jpg,Temporary fence panels closing a loading area beside a commercial building
https://www.fencewizards.com/service-area/plainfield/,img,srcset,https://www.fencewizards.com/assets/photos/loading-area-panels-1000.jpg,Temporary fence panels closing a loading area beside a commercial building
https://www.fencewizards.com/service-area/plainfield/,img,srcset,https://www.fencewizards.com/assets/photos/loading-area-panels.jpg,Temporary fence panels closing a loading area beside a commercial building
https://www.fencewizards.com/service-area/plainfield/,img,src,https://www.fencewizards.com/assets/photos/windscreen-black-run.jpg,A black windscreen run enclosing a large paved lot
https://www.fencewizards.com/service-area/plainfield/,img,srcset,https://www.fencewizards.com/assets/photos/windscreen-black-run-600.jpg,A black windscreen run enclosing a large paved lot
https://www.fencewizards.com/service-area/plainfield/,img,srcset,https://www.fencewizards.com/assets/photos/windscreen-black-run-1000.jpg,A black windscreen run enclosing a large paved lot
https://www.fencewizards.com/service-area/plainfield/,img,srcset,https://www.fencewizards.com/assets/photos/windscreen-black-run.jpg,A black windscreen run enclosing a large paved lot
https://www.fencewizards.com/service-area/plainfield/,img,src,https://www.fencewizards.com/assets/photos/skyline-panels-indianapolis.jpg,Temporary fence panels set on grass with the downtown Indianapolis skyline behind them
https://www.fencewizards.com/service-area/plainfield/,img,srcset,https://www.fencewizards.com/assets/photos/skyline-panels-indianapolis-600.jpg,Temporary fence panels set on grass with the downtown Indianapolis skyline behind them
https://www.fencewizards.com/service-area/plainfield/,img,srcset,https://www.fencewizards.com/assets/photos/skyline-panels-indianapolis-1000.jpg,Temporary fence panels set on grass with the downtown Indianapolis skyline behind them
https://www.fencewizards.com/service-area/plainfield/,img,srcset,https://www.fencewizards.com/assets/photos/skyline-panels-indianapolis.jpg,Temporary fence panels set on grass with the downtown Indianapolis skyline behind them
https://www.fencewizards.com/service-area/plainfield/,img,src,https://www.fencewizards.com/assets/photos/yard-tractor-panels.jpg,Temporary fence panels around a yard tractor at a commercial terminal
https://www.fencewizards.com/service-area/plainfield/,img,srcset,https://www.fencewizards.com/assets/photos/yard-tractor-panels-600.jpg,Temporary fence panels around a yard tractor at a commercial terminal
https://www.fencewizards.com/service-area/plainfield/,img,srcset,https://www.fencewizards.com/assets/photos/yard-tractor-panels-1000.jpg,Temporary fence panels around a yard tractor at a commercial terminal
https://www.fencewizards.com/service-area/plainfield/,img,srcset,https://www.fencewizards.com/assets/photos/yard-tractor-panels.jpg,Temporary fence panels around a yard tractor at a commercial terminal
https://www.fencewizards.com/service-area/plainfield/,img,src,https://www.fencewizards.com/assets/brand/fw-logo-knockout.png,Fence Wizards Rent A Fence
https://www.fencewizards.com/service-area/avon/,img,src,https://www.fencewizards.com/assets/brand/fw-mark-knockout.png,Fence Wizards Rent A Fence
https://www.fencewizards.com/service-area/avon/,img,src,https://www.fencewizards.com/assets/photos/loading-area-panels.jpg,Temporary fence panels closing a loading area beside a commercial building
https://www.fencewizards.com/service-area/avon/,img,srcset,https://www.fencewizards.com/assets/photos/loading-area-panels-600.jpg,Temporary fence panels closing a loading area beside a commercial building
https://www.fencewizards.com/service-area/avon/,img,srcset,https://www.fencewizards.com/assets/photos/loading-area-panels-1000.jpg,Temporary fence panels closing a loading area beside a commercial building
https://www.fencewizards.com/service-area/avon/,img,srcset,https://www.fencewizards.com/assets/photos/loading-area-panels.jpg,Temporary fence panels closing a loading area beside a commercial building
https://www.fencewizards.com/service-area/avon/,img,src,https://www.fencewizards.com/assets/photos/school-building-panels.jpg,Temporary fence panels around a school building with dumpsters and site toilets inside the perimeter
https://www.fencewizards.com/service-area/avon/,img,srcset,https://www.fencewizards.com/assets/photos/school-building-panels-600.jpg,Temporary fence panels around a school building with dumpsters and site toilets inside the perimeter
https://www.fencewizards.com/service-area/avon/,img,srcset,https://www.fencewizards.com/assets/photos/school-building-panels-1000.jpg,Temporary fence panels around a school building with dumpsters and site toilets inside the perimeter
https://www.fencewizards.com/service-area/avon/,img,srcset,https://www.fencewizards.com/assets/photos/school-building-panels.jpg,Temporary fence panels around a school building with dumpsters and site toilets inside the perimeter
https://www.fencewizards.com/service-area/avon/,img,src,https://www.fencewizards.com/assets/photos/street-frontage-panels.jpg,Temporary fence panels along the street frontage of a residential block
https://www.fencewizards.com/service-area/avon/,img,srcset,https://www.fencewizards.com/assets/photos/street-frontage-panels-600.jpg,Temporary fence panels along the street frontage of a residential block
https://www.fencewizards.com/service-area/avon/,img,srcset,https://www.fencewizards.com/assets/photos/street-frontage-panels-1000.jpg,Temporary fence panels along the street frontage of a residential block
https://www.fencewizards.com/service-area/avon/,img,srcset,https://www.fencewizards.com/assets/photos/street-frontage-panels.jpg,Temporary fence panels along the street frontage of a residential block
https://www.fencewizards.com/service-area/avon/,img,src,https://www.fencewizards.com/assets/photos/dirt-lot-excavator.jpg,Temporary fence panels around a cleared dirt lot with an excavator working inside
https://www.fencewizards.com/service-area/avon/,img,srcset,https://www.fencewizards.com/assets/photos/dirt-lot-excavator-600.jpg,Temporary fence panels around a cleared dirt lot with an excavator working inside
https://www.fencewizards.com/service-area/avon/,img,srcset,https://www.fencewizards.com/assets/photos/dirt-lot-excavator-1000.jpg,Temporary fence panels around a cleared dirt lot with an excavator working inside
https://www.fencewizards.com/service-area/avon/,img,srcset,https://www.fencewizards.com/assets/photos/dirt-lot-excavator.jpg,Temporary fence panels around a cleared dirt lot with an excavator working inside
https://www.fencewizards.com/service-area/avon/,img,src,https://www.fencewizards.com/assets/photos/skyline-panels-indianapolis.jpg,Temporary fence panels set on grass with the downtown Indianapolis skyline behind them
https://www.fencewizards.com/service-area/avon/,img,srcset,https://www.fencewizards.com/assets/photos/skyline-panels-indianapolis-600.jpg,Temporary fence panels set on grass with the downtown Indianapolis skyline behind them
https://www.fencewizards.com/service-area/avon/,img,srcset,https://www.fencewizards.com/assets/photos/skyline-panels-indianapolis-1000.jpg,Temporary fence panels set on grass with the downtown Indianapolis skyline behind them
https://www.fencewizards.com/service-area/avon/,img,srcset,https://www.fencewizards.com/assets/photos/skyline-panels-indianapolis.jpg,Temporary fence panels set on grass with the downtown Indianapolis skyline behind them
https://www.fencewizards.com/service-area/avon/,img,src,https://www.fencewizards.com/assets/photos/windscreen-lot-run.jpg,A run of windscreen on temporary fence enclosing a commercial lot
https://www.fencewizards.com/service-area/avon/,img,srcset,https://www.fencewizards.com/assets/photos/windscreen-lot-run-600.jpg,A run of windscreen on temporary fence enclosing a commercial lot
https://www.fencewizards.com/service-area/avon/,img,srcset,https://www.fencewizards.com/assets/photos/windscreen-lot-run-1000.jpg,A run of windscreen on temporary fence enclosing a commercial lot
https://www.fencewizards.com/service-area/avon/,img,srcset,https://www.fencewizards.com/assets/photos/windscreen-lot-run.jpg,A run of windscreen on temporary fence enclosing a commercial lot
https://www.fencewizards.com/service-area/avon/,img,src,https://www.fencewizards.com/assets/brand/fw-logo-knockout.png,Fence Wizards Rent A Fence
https://www.fencewizards.com/service-area/brownsburg/,img,src,https://www.fencewizards.com/assets/brand/fw-mark-knockout.png,Fence Wizards Rent A Fence
https://www.fencewizards.com/service-area/brownsburg/,img,src,https://www.fencewizards.com/assets/photos/barricades-building-run.jpg,Crowd control barricades running along the side of a building
https://www.fencewizards.com/service-area/brownsburg/,img,srcset,https://www.fencewizards.com/assets/photos/barricades-building-run-600.jpg,Crowd control barricades running along the side of a building
https://www.fencewizards.com/service-area/brownsburg/,img,srcset,https://www.fencewizards.com/assets/photos/barricades-building-run-1000.jpg,Crowd control barricades running along the side of a building
https://www.fencewizards.com/service-area/brownsburg/,img,srcset,https://www.fencewizards.com/assets/photos/barricades-building-run.jpg,Crowd control barricades running along the side of a building
https://www.fencewizards.com/service-area/brownsburg/,img,src,https://www.fencewizards.com/assets/photos/open-field-run.jpg,"A long run of post driven temporary chain link fence across open ground, posts driven in with the fabric tensioned on them"
https://www.fencewizards.com/service-area/brownsburg/,img,srcset,https://www.fencewizards.com/assets/photos/open-field-run-600.jpg,"A long run of post driven temporary chain link fence across open ground, posts driven in with the fabric tensioned on them"
https://www.fencewizards.com/service-area/brownsburg/,img,srcset,https://www.fencewizards.com/assets/photos/open-field-run-1000.jpg,"A long run of post driven temporary chain link fence across open ground, posts driven in with the fabric tensioned on them"
https://www.fencewizards.com/service-area/brownsburg/,img,srcset,https://www.fencewizards.com/assets/photos/open-field-run.jpg,"A long run of post driven temporary chain link fence across open ground, posts driven in with the fabric tensioned on them"
https://www.fencewizards.com/service-area/brownsburg/,img,src,https://www.fencewizards.com/assets/photos/truck-and-panels.jpg,A wrapped Fence Wizards truck with a trailer of fence panels ready to leave for a job
https://www.fencewizards.com/service-area/brownsburg/,img,srcset,https://www.fencewizards.com/assets/photos/truck-and-panels-600.jpg,A wrapped Fence Wizards truck with a trailer of fence panels ready to leave for a job
https://www.fencewizards.com/service-area/brownsburg/,img,srcset,https://www.fencewizards.com/assets/photos/truck-and-panels-1000.jpg,A wrapped Fence Wizards truck with a trailer of fence panels ready to leave for a job
https://www.fencewizards.com/service-area/brownsburg/,img,srcset,https://www.fencewizards.com/assets/photos/truck-and-panels.jpg,A wrapped Fence Wizards truck with a trailer of fence panels ready to leave for a job
https://www.fencewizards.com/service-area/brownsburg/,img,src,https://www.fencewizards.com/assets/photos/orange-safety-grass.jpg,Safety fencing running across grass at the edge of a work area
https://www.fencewizards.com/service-area/brownsburg/,img,srcset,https://www.fencewizards.com/assets/photos/orange-safety-grass-600.jpg,Safety fencing running across grass at the edge of a work area
https://www.fencewizards.com/service-area/brownsburg/,img,srcset,https://www.fencewizards.com/assets/photos/orange-safety-grass-1000.jpg,Safety fencing running across grass at the edge of a work area
https://www.fencewizards.com/service-area/brownsburg/,img,srcset,https://www.fencewizards.com/assets/photos/orange-safety-grass.jpg,Safety fencing running across grass at the edge of a work area
https://www.fencewizards.com/service-area/brownsburg/,img,src,https://www.fencewizards.com/assets/photos/skyline-panels-indianapolis.jpg,Temporary fence panels set on grass with the downtown Indianapolis skyline behind them
https://www.fencewizards.com/service-area/brownsburg/,img,srcset,https://www.fencewizards.com/assets/photos/skyline-panels-indianapolis-600.jpg,Temporary fence panels set on grass with the downtown Indianapolis skyline behind them
https://www.fencewizards.com/service-area/brownsburg/,img,srcset,https://www.fencewizards.com/assets/photos/skyline-panels-indianapolis-1000.jpg,Temporary fence panels set on grass with the downtown Indianapolis skyline behind them
https://www.fencewizards.com/service-area/brownsburg/,img,srcset,https://www.fencewizards.com/assets/photos/skyline-panels-indianapolis.jpg,Temporary fence panels set on grass with the downtown Indianapolis skyline behind them
https://www.fencewizards.com/service-area/brownsburg/,img,src,https://www.fencewizards.com/assets/photos/apartment-build-wrapped.jpg,Temporary fence panels around an apartment building under construction with weather wrap on the walls
https://www.fencewizards.com/service-area/brownsburg/,img,srcset,https://www.fencewizards.com/assets/photos/apartment-build-wrapped-600.jpg,Temporary fence panels around an apartment building under construction with weather wrap on the walls
https://www.fencewizards.com/service-area/brownsburg/,img,srcset,https://www.fencewizards.com/assets/photos/apartment-build-wrapped-1000.jpg,Temporary fence panels around an apartment building under construction with weather wrap on the walls
https://www.fencewizards.com/service-area/brownsburg/,img,srcset,https://www.fencewizards.com/assets/photos/apartment-build-wrapped.jpg,Temporary fence panels around an apartment building under construction with weather wrap on the walls
https://www.fencewizards.com/service-area/brownsburg/,img,src,https://www.fencewizards.com/assets/brand/fw-logo-knockout.png,Fence Wizards Rent A Fence
https://www.fencewizards.com/service-area/franklin/,img,src,https://www.fencewizards.com/assets/brand/fw-mark-knockout.png,Fence Wizards Rent A Fence
https://www.fencewizards.com/service-area/franklin/,img,src,https://www.fencewizards.com/assets/photos/school-building-panels.jpg,Temporary fence panels around a school building with dumpsters and site toilets inside the perimeter
https://www.fencewizards.com/service-area/franklin/,img,srcset,https://www.fencewizards.com/assets/photos/school-building-panels-600.jpg,Temporary fence panels around a school building with dumpsters and site toilets inside the perimeter
https://www.fencewizards.com/service-area/franklin/,img,srcset,https://www.fencewizards.com/assets/photos/school-building-panels-1000.jpg,Temporary fence panels around a school building with dumpsters and site toilets inside the perimeter
https://www.fencewizards.com/service-area/franklin/,img,srcset,https://www.fencewizards.com/assets/photos/school-building-panels.jpg,Temporary fence panels around a school building with dumpsters and site toilets inside the perimeter
https://www.fencewizards.com/service-area/franklin/,img,src,https://www.fencewizards.com/assets/photos/gate-across-lot.jpg,A temporary fence gate set across the entrance to a lot
https://www.fencewizards.com/service-area/franklin/,img,srcset,https://www.fencewizards.com/assets/photos/gate-across-lot-600.jpg,A temporary fence gate set across the entrance to a lot
https://www.fencewizards.com/service-area/franklin/,img,srcset,https://www.fencewizards.com/assets/photos/gate-across-lot-1000.jpg,A temporary fence gate set across the entrance to a lot
https://www.fencewizards.com/service-area/franklin/,img,srcset,https://www.fencewizards.com/assets/photos/gate-across-lot.jpg,A temporary fence gate set across the entrance to a lot
https://www.fencewizards.com/service-area/franklin/,img,src,https://www.fencewizards.com/assets/photos/cleared-lot-neighborhood.jpg,Temporary fence panels around a cleared lot in an Indianapolis neighborhood
https://www.fencewizards.com/service-area/franklin/,img,srcset,https://www.fencewizards.com/assets/photos/cleared-lot-neighborhood-600.jpg,Temporary fence panels around a cleared lot in an Indianapolis neighborhood
https://www.fencewizards.com/service-area/franklin/,img,srcset,https://www.fencewizards.com/assets/photos/cleared-lot-neighborhood-1000.jpg,Temporary fence panels around a cleared lot in an Indianapolis neighborhood
https://www.fencewizards.com/service-area/franklin/,img,srcset,https://www.fencewizards.com/assets/photos/cleared-lot-neighborhood.jpg,Temporary fence panels around a cleared lot in an Indianapolis neighborhood
https://www.fencewizards.com/service-area/franklin/,img,src,https://www.fencewizards.com/assets/photos/truck-side-wrap.jpg,The side of a wrapped Fence Wizards truck on a job site
https://www.fencewizards.com/service-area/franklin/,img,srcset,https://www.fencewizards.com/assets/photos/truck-side-wrap-600.jpg,The side of a wrapped Fence Wizards truck on a job site
https://www.fencewizards.com/service-area/franklin/,img,srcset,https://www.fencewizards.com/assets/photos/truck-side-wrap-1000.jpg,The side of a wrapped Fence Wizards truck on a job site
https://www.fencewizards.com/service-area/franklin/,img,srcset,https://www.fencewizards.com/assets/photos/truck-side-wrap.jpg,The side of a wrapped Fence Wizards truck on a job site
https://www.fencewizards.com/service-area/franklin/,img,src,https://www.fencewizards.com/assets/photos/skyline-panels-indianapolis.jpg,Temporary fence panels set on grass with the downtown Indianapolis skyline behind them
https://www.fencewizards.com/service-area/franklin/,img,srcset,https://www.fencewizards.com/assets/photos/skyline-panels-indianapolis-600.jpg,Temporary fence panels set on grass with the downtown Indianapolis skyline behind them
https://www.fencewizards.com/service-area/franklin/,img,srcset,https://www.fencewizards.com/assets/photos/skyline-panels-indianapolis-1000.jpg,Temporary fence panels set on grass with the downtown Indianapolis skyline behind them
https://www.fencewizards.com/service-area/franklin/,img,srcset,https://www.fencewizards.com/assets/photos/skyline-panels-indianapolis.jpg,Temporary fence panels set on grass with the downtown Indianapolis skyline behind them
https://www.fencewizards.com/service-area/franklin/,img,src,https://www.fencewizards.com/assets/photos/windscreen-building-run.jpg,Windscreen on temporary fence running along the base of a downtown building
https://www.fencewizards.com/service-area/franklin/,img,srcset,https://www.fencewizards.com/assets/photos/windscreen-building-run-600.jpg,Windscreen on temporary fence running along the base of a downtown building
https://www.fencewizards.com/service-area/franklin/,img,srcset,https://www.fencewizards.com/assets/photos/windscreen-building-run-1000.jpg,Windscreen on temporary fence running along the base of a downtown building
https://www.fencewizards.com/service-area/franklin/,img,srcset,https://www.fencewizards.com/assets/photos/windscreen-building-run.jpg,Windscreen on temporary fence running along the base of a downtown building
https://www.fencewizards.com/service-area/franklin/,img,src,https://www.fencewizards.com/assets/brand/fw-logo-knockout.png,Fence Wizards Rent A Fence
https://www.fencewizards.com/service-area/columbus/,img,src,https://www.fencewizards.com/assets/brand/fw-mark-knockout.png,Fence Wizards Rent A Fence
https://www.fencewizards.com/service-area/columbus/,img,src,https://www.fencewizards.com/assets/photos/winter-site-generator.jpg,Temporary fence around a winter job site with a generator trailer inside the perimeter
https://www.fencewizards.com/service-area/columbus/,img,srcset,https://www.fencewizards.com/assets/photos/winter-site-generator-600.jpg,Temporary fence around a winter job site with a generator trailer inside the perimeter
https://www.fencewizards.com/service-area/columbus/,img,srcset,https://www.fencewizards.com/assets/photos/winter-site-generator-1000.jpg,Temporary fence around a winter job site with a generator trailer inside the perimeter
https://www.fencewizards.com/service-area/columbus/,img,srcset,https://www.fencewizards.com/assets/photos/winter-site-generator.jpg,Temporary fence around a winter job site with a generator trailer inside the perimeter
https://www.fencewizards.com/service-area/columbus/,img,src,https://www.fencewizards.com/assets/photos/demolition-site.jpg,Temporary fencing holding a perimeter around a partly demolished building
https://www.fencewizards.com/service-area/columbus/,img,srcset,https://www.fencewizards.com/assets/photos/demolition-site-600.jpg,Temporary fencing holding a perimeter around a partly demolished building
https://www.fencewizards.com/service-area/columbus/,img,srcset,https://www.fencewizards.com/assets/photos/demolition-site-1000.jpg,Temporary fencing holding a perimeter around a partly demolished building
https://www.fencewizards.com/service-area/columbus/,img,srcset,https://www.fencewizards.com/assets/photos/demolition-site.jpg,Temporary fencing holding a perimeter around a partly demolished building
https://www.fencewizards.com/service-area/columbus/,img,src,https://www.fencewizards.com/assets/photos/shipping-container-lot.jpg,Temporary fencing around a lot with shipping containers stored inside it
https://www.fencewizards.com/service-area/columbus/,img,srcset,https://www.fencewizards.com/assets/photos/shipping-container-lot-600.jpg,Temporary fencing around a lot with shipping containers stored inside it
https://www.fencewizards.com/service-area/columbus/,img,srcset,https://www.fencewizards.com/assets/photos/shipping-container-lot-1000.jpg,Temporary fencing around a lot with shipping containers stored inside it
https://www.fencewizards.com/service-area/columbus/,img,srcset,https://www.fencewizards.com/assets/photos/shipping-container-lot.jpg,Temporary fencing around a lot with shipping containers stored inside it
https://www.fencewizards.com/service-area/columbus/,img,src,https://www.fencewizards.com/assets/photos/muddy-site-edge.jpg,Temporary fence running along the muddy edge of an active construction site
https://www.fencewizards.com/service-area/columbus/,img,srcset,https://www.fencewizards.com/assets/photos/muddy-site-edge-600.jpg,Temporary fence running along the muddy edge of an active construction site
https://www.fencewizards.com/service-area/columbus/,img,srcset,https://www.fencewizards.com/assets/photos/muddy-site-edge-1000.jpg,Temporary fence running along the muddy edge of an active construction site
https://www.fencewizards.com/service-area/columbus/,img,srcset,https://www.fencewizards.com/assets/photos/muddy-site-edge.jpg,Temporary fence running along the muddy edge of an active construction site
https://www.fencewizards.com/service-area/columbus/,img,src,https://www.fencewizards.com/assets/photos/skyline-panels-indianapolis.jpg,Temporary fence panels set on grass with the downtown Indianapolis skyline behind them
https://www.fencewizards.com/service-area/columbus/,img,srcset,https://www.fencewizards.com/assets/photos/skyline-panels-indianapolis-600.jpg,Temporary fence panels set on grass with the downtown Indianapolis skyline behind them
https://www.fencewizards.com/service-area/columbus/,img,srcset,https://www.fencewizards.com/assets/photos/skyline-panels-indianapolis-1000.jpg,Temporary fence panels set on grass with the downtown Indianapolis skyline behind them
https://www.fencewizards.com/service-area/columbus/,img,srcset,https://www.fencewizards.com/assets/photos/skyline-panels-indianapolis.jpg,Temporary fence panels set on grass with the downtown Indianapolis skyline behind them
https://www.fencewizards.com/service-area/columbus/,img,src,https://www.fencewizards.com/assets/photos/windscreen-building-run.jpg,Windscreen on temporary fence running along the base of a downtown building
https://www.fencewizards.com/service-area/columbus/,img,srcset,https://www.fencewizards.com/assets/photos/windscreen-building-run-600.jpg,Windscreen on temporary fence running along the base of a downtown building
https://www.fencewizards.com/service-area/columbus/,img,srcset,https://www.fencewizards.com/assets/photos/windscreen-building-run-1000.jpg,Windscreen on temporary fence running along the base of a downtown building
https://www.fencewizards.com/service-area/columbus/,img,srcset,https://www.fencewizards.com/assets/photos/windscreen-building-run.jpg,Windscreen on temporary fence running along the base of a downtown building
https://www.fencewizards.com/service-area/columbus/,img,src,https://www.fencewizards.com/assets/brand/fw-logo-knockout.png,Fence Wizards Rent A Fence
https://www.fencewizards.com/service-area/bloomington/,img,src,https://www.fencewizards.com/assets/brand/fw-mark-knockout.png,Fence Wizards Rent A Fence
https://www.fencewizards.com/service-area/bloomington/,img,src,https://www.fencewizards.com/assets/photos/field-run-two.jpg,"A post driven temporary chain link fence running the length of a grass field, with the posts set straight into the ground"
https://www.fencewizards.com/service-area/bloomington/,img,srcset,https://www.fencewizards.com/assets/photos/field-run-two-600.jpg,"A post driven temporary chain link fence running the length of a grass field, with the posts set straight into the ground"
https://www.fencewizards.com/service-area/bloomington/,img,srcset,https://www.fencewizards.com/assets/photos/field-run-two-1000.jpg,"A post driven temporary chain link fence running the length of a grass field, with the posts set straight into the ground"
https://www.fencewizards.com/service-area/bloomington/,img,srcset,https://www.fencewizards.com/assets/photos/field-run-two.jpg,"A post driven temporary chain link fence running the length of a grass field, with the posts set straight into the ground"
https://www.fencewizards.com/service-area/bloomington/,img,src,https://www.fencewizards.com/assets/photos/orange-safety-grass.jpg,Safety fencing running across grass at the edge of a work area
https://www.fencewizards.com/service-area/bloomington/,img,srcset,https://www.fencewizards.com/assets/photos/orange-safety-grass-600.jpg,Safety fencing running across grass at the edge of a work area
https://www.fencewizards.com/service-area/bloomington/,img,srcset,https://www.fencewizards.com/assets/photos/orange-safety-grass-1000.jpg,Safety fencing running across grass at the edge of a work area
https://www.fencewizards.com/service-area/bloomington/,img,srcset,https://www.fencewizards.com/assets/photos/orange-safety-grass.jpg,Safety fencing running across grass at the edge of a work area
https://www.fencewizards.com/service-area/bloomington/,img,src,https://www.fencewizards.com/assets/photos/school-building-panels.jpg,Temporary fence panels around a school building with dumpsters and site toilets inside the perimeter
https://www.fencewizards.com/service-area/bloomington/,img,srcset,https://www.fencewizards.com/assets/photos/school-building-panels-600.jpg,Temporary fence panels around a school building with dumpsters and site toilets inside the perimeter
https://www.fencewizards.com/service-area/bloomington/,img,srcset,https://www.fencewizards.com/assets/photos/school-building-panels-1000.jpg,Temporary fence panels around a school building with dumpsters and site toilets inside the perimeter
https://www.fencewizards.com/service-area/bloomington/,img,srcset,https://www.fencewizards.com/assets/photos/school-building-panels.jpg,Temporary fence panels around a school building with dumpsters and site toilets inside the perimeter
https://www.fencewizards.com/service-area/bloomington/,img,src,https://www.fencewizards.com/assets/photos/open-field-run.jpg,"A long run of post driven temporary chain link fence across open ground, posts driven in with the fabric tensioned on them"
https://www.fencewizards.com/service-area/bloomington/,img,srcset,https://www.fencewizards.com/assets/photos/open-field-run-600.jpg,"A long run of post driven temporary chain link fence across open ground, posts driven in with the fabric tensioned on them"
https://www.fencewizards.com/service-area/bloomington/,img,srcset,https://www.fencewizards.com/assets/photos/open-field-run-1000.jpg,"A long run of post driven temporary chain link fence across open ground, posts driven in with the fabric tensioned on them"
https://www.fencewizards.com/service-area/bloomington/,img,srcset,https://www.fencewizards.com/assets/photos/open-field-run.jpg,"A long run of post driven temporary chain link fence across open ground, posts driven in with the fabric tensioned on them"
https://www.fencewizards.com/service-area/bloomington/,img,src,https://www.fencewizards.com/assets/photos/skyline-panels-indianapolis.jpg,Temporary fence panels set on grass with the downtown Indianapolis skyline behind them
https://www.fencewizards.com/service-area/bloomington/,img,srcset,https://www.fencewizards.com/assets/photos/skyline-panels-indianapolis-600.jpg,Temporary fence panels set on grass with the downtown Indianapolis skyline behind them
https://www.fencewizards.com/service-area/bloomington/,img,srcset,https://www.fencewizards.com/assets/photos/skyline-panels-indianapolis-1000.jpg,Temporary fence panels set on grass with the downtown Indianapolis skyline behind them
https://www.fencewizards.com/service-area/bloomington/,img,srcset,https://www.fencewizards.com/assets/photos/skyline-panels-indianapolis.jpg,Temporary fence panels set on grass with the downtown Indianapolis skyline behind them
https://www.fencewizards.com/service-area/bloomington/,img,src,https://www.fencewizards.com/assets/photos/orange-safety-run.jpg,Temporary fence and safety fence running along the edge of a site
https://www.fencewizards.com/service-area/bloomington/,img,srcset,https://www.fencewizards.com/assets/photos/orange-safety-run-600.jpg,Temporary fence and safety fence running along the edge of a site
https://www.fencewizards.com/service-area/bloomington/,img,srcset,https://www.fencewizards.com/assets/photos/orange-safety-run-1000.jpg,Temporary fence and safety fence running along the edge of a site
https://www.fencewizards.com/service-area/bloomington/,img,srcset,https://www.fencewizards.com/assets/photos/orange-safety-run.jpg,Temporary fence and safety fence running along the edge of a site
https://www.fencewizards.com/service-area/bloomington/,img,src,https://www.fencewizards.com/assets/brand/fw-logo-knockout.png,Fence Wizards Rent A Fence
https://www.fencewizards.com/service-area/lafayette/,img,src,https://www.fencewizards.com/assets/brand/fw-mark-knockout.png,Fence Wizards Rent A Fence
https://www.fencewizards.com/service-area/lafayette/,img,src,https://www.fencewizards.com/assets/photos/distribution-warehouse-panels.jpg,Temporary fence panels closing off the dock doors of a distribution warehouse near Indianapolis
https://www.fencewizards.com/service-area/lafayette/,img,srcset,https://www.fencewizards.com/assets/photos/distribution-warehouse-panels-600.jpg,Temporary fence panels closing off the dock doors of a distribution warehouse near Indianapolis
https://www.fencewizards.com/service-area/lafayette/,img,srcset,https://www.fencewizards.com/assets/photos/distribution-warehouse-panels-1000.jpg,Temporary fence panels closing off the dock doors of a distribution warehouse near Indianapolis
https://www.fencewizards.com/service-area/lafayette/,img,srcset,https://www.fencewizards.com/assets/photos/distribution-warehouse-panels.jpg,Temporary fence panels closing off the dock doors of a distribution warehouse near Indianapolis
https://www.fencewizards.com/service-area/lafayette/,img,src,https://www.fencewizards.com/assets/photos/field-run-two.jpg,"A post driven temporary chain link fence running the length of a grass field, with the posts set straight into the ground"
https://www.fencewizards.com/service-area/lafayette/,img,srcset,https://www.fencewizards.com/assets/photos/field-run-two-600.jpg,"A post driven temporary chain link fence running the length of a grass field, with the posts set straight into the ground"
https://www.fencewizards.com/service-area/lafayette/,img,srcset,https://www.fencewizards.com/assets/photos/field-run-two-1000.jpg,"A post driven temporary chain link fence running the length of a grass field, with the posts set straight into the ground"
https://www.fencewizards.com/service-area/lafayette/,img,srcset,https://www.fencewizards.com/assets/photos/field-run-two.jpg,"A post driven temporary chain link fence running the length of a grass field, with the posts set straight into the ground"
https://www.fencewizards.com/service-area/lafayette/,img,src,https://www.fencewizards.com/assets/photos/yard-tractor-panels.jpg,Temporary fence panels around a yard tractor at a commercial terminal
https://www.fencewizards.com/service-area/lafayette/,img,srcset,https://www.fencewizards.com/assets/photos/yard-tractor-panels-600.jpg,Temporary fence panels around a yard tractor at a commercial terminal
https://www.fencewizards.com/service-area/lafayette/,img,srcset,https://www.fencewizards.com/assets/photos/yard-tractor-panels-1000.jpg,Temporary fence panels around a yard tractor at a commercial terminal
https://www.fencewizards.com/service-area/lafayette/,img,srcset,https://www.fencewizards.com/assets/photos/yard-tractor-panels.jpg,Temporary fence panels around a yard tractor at a commercial terminal
https://www.fencewizards.com/service-area/lafayette/,img,src,https://www.fencewizards.com/assets/photos/stacked-panels-site.jpg,Temporary fence panels protecting stacked building materials on a job site
https://www.fencewizards.com/service-area/lafayette/,img,srcset,https://www.fencewizards.com/assets/photos/stacked-panels-site-600.jpg,Temporary fence panels protecting stacked building materials on a job site
https://www.fencewizards.com/service-area/lafayette/,img,srcset,https://www.fencewizards.com/assets/photos/stacked-panels-site-1000.jpg,Temporary fence panels protecting stacked building materials on a job site
https://www.fencewizards.com/service-area/lafayette/,img,srcset,https://www.fencewizards.com/assets/photos/stacked-panels-site.jpg,Temporary fence panels protecting stacked building materials on a job site
https://www.fencewizards.com/service-area/lafayette/,img,src,https://www.fencewizards.com/assets/photos/skyline-panels-indianapolis.jpg,Temporary fence panels set on grass with the downtown Indianapolis skyline behind them
https://www.fencewizards.com/service-area/lafayette/,img,srcset,https://www.fencewizards.com/assets/photos/skyline-panels-indianapolis-600.jpg,Temporary fence panels set on grass with the downtown Indianapolis skyline behind them
https://www.fencewizards.com/service-area/lafayette/,img,srcset,https://www.fencewizards.com/assets/photos/skyline-panels-indianapolis-1000.jpg,Temporary fence panels set on grass with the downtown Indianapolis skyline behind them
https://www.fencewizards.com/service-area/lafayette/,img,srcset,https://www.fencewizards.com/assets/photos/skyline-panels-indianapolis.jpg,Temporary fence panels set on grass with the downtown Indianapolis skyline behind them
https://www.fencewizards.com/service-area/lafayette/,img,src,https://www.fencewizards.com/assets/photos/windscreen-black-run.jpg,A black windscreen run enclosing a large paved lot
https://www.fencewizards.com/service-area/lafayette/,img,srcset,https://www.fencewizards.com/assets/photos/windscreen-black-run-600.jpg,A black windscreen run enclosing a large paved lot
https://www.fencewizards.com/service-area/lafayette/,img,srcset,https://www.fencewizards.com/assets/photos/windscreen-black-run-1000.jpg,A black windscreen run enclosing a large paved lot
https://www.fencewizards.com/service-area/lafayette/,img,srcset,https://www.fencewizards.com/assets/photos/windscreen-black-run.jpg,A black windscreen run enclosing a large paved lot
https://www.fencewizards.com/service-area/lafayette/,img,src,https://www.fencewizards.com/assets/brand/fw-logo-knockout.png,Fence Wizards Rent A Fence
https://www.fencewizards.com/service-area/muncie/,img,src,https://www.fencewizards.com/assets/brand/fw-mark-knockout.png,Fence Wizards Rent A Fence
https://www.fencewizards.com/service-area/muncie/,img,src,https://www.fencewizards.com/assets/photos/school-building-panels.jpg,Temporary fence panels around a school building with dumpsters and site toilets inside the perimeter
https://www.fencewizards.com/service-area/muncie/,img,srcset,https://www.fencewizards.com/assets/photos/school-building-panels-600.jpg,Temporary fence panels around a school building with dumpsters and site toilets inside the perimeter
https://www.fencewizards.com/service-area/muncie/,img,srcset,https://www.fencewizards.com/assets/photos/school-building-panels-1000.jpg,Temporary fence panels around a school building with dumpsters and site toilets inside the perimeter
https://www.fencewizards.com/service-area/muncie/,img,srcset,https://www.fencewizards.com/assets/photos/school-building-panels.jpg,Temporary fence panels around a school building with dumpsters and site toilets inside the perimeter
https://www.fencewizards.com/service-area/muncie/,img,src,https://www.fencewizards.com/assets/photos/event-lawn-tent.jpg,Temporary fence panels around an event lawn with a white tent set up behind them
https://www.fencewizards.com/service-area/muncie/,img,srcset,https://www.fencewizards.com/assets/photos/event-lawn-tent-600.jpg,Temporary fence panels around an event lawn with a white tent set up behind them
https://www.fencewizards.com/service-area/muncie/,img,srcset,https://www.fencewizards.com/assets/photos/event-lawn-tent-1000.jpg,Temporary fence panels around an event lawn with a white tent set up behind them
https://www.fencewizards.com/service-area/muncie/,img,srcset,https://www.fencewizards.com/assets/photos/event-lawn-tent.jpg,Temporary fence panels around an event lawn with a white tent set up behind them
https://www.fencewizards.com/service-area/muncie/,img,src,https://www.fencewizards.com/assets/photos/printed-windscreen-banners.jpg,Printed windscreen panels carrying sponsor graphics on a temporary fence beside a road
https://www.fencewizards.com/service-area/muncie/,img,srcset,https://www.fencewizards.com/assets/photos/printed-windscreen-banners-600.jpg,Printed windscreen panels carrying sponsor graphics on a temporary fence beside a road
https://www.fencewizards.com/service-area/muncie/,img,srcset,https://www.fencewizards.com/assets/photos/printed-windscreen-banners-1000.jpg,Printed windscreen panels carrying sponsor graphics on a temporary fence beside a road
https://www.fencewizards.com/service-area/muncie/,img,srcset,https://www.fencewizards.com/assets/photos/printed-windscreen-banners.jpg,Printed windscreen panels carrying sponsor graphics on a temporary fence beside a road
https://www.fencewizards.com/service-area/muncie/,img,src,https://www.fencewizards.com/assets/photos/event-windscreen-tent.jpg,Windscreen fitted to temporary fence panels screening an event tent
https://www.fencewizards.com/service-area/muncie/,img,srcset,https://www.fencewizards.com/assets/photos/event-windscreen-tent-600.jpg,Windscreen fitted to temporary fence panels screening an event tent
https://www.fencewizards.com/service-area/muncie/,img,srcset,https://www.fencewizards.com/assets/photos/event-windscreen-tent-1000.jpg,Windscreen fitted to temporary fence panels screening an event tent
https://www.fencewizards.com/service-area/muncie/,img,srcset,https://www.fencewizards.com/assets/photos/event-windscreen-tent.jpg,Windscreen fitted to temporary fence panels screening an event tent
https://www.fencewizards.com/service-area/muncie/,img,src,https://www.fencewizards.com/assets/photos/skyline-panels-indianapolis.jpg,Temporary fence panels set on grass with the downtown Indianapolis skyline behind them
https://www.fencewizards.com/service-area/muncie/,img,srcset,https://www.fencewizards.com/assets/photos/skyline-panels-indianapolis-600.jpg,Temporary fence panels set on grass with the downtown Indianapolis skyline behind them
https://www.fencewizards.com/service-area/muncie/,img,srcset,https://www.fencewizards.com/assets/photos/skyline-panels-indianapolis-1000.jpg,Temporary fence panels set on grass with the downtown Indianapolis skyline behind them
https://www.fencewizards.com/service-area/muncie/,img,srcset,https://www.fencewizards.com/assets/photos/skyline-panels-indianapolis.jpg,Temporary fence panels set on grass with the downtown Indianapolis skyline behind them
https://www.fencewizards.com/service-area/muncie/,img,src,https://www.fencewizards.com/assets/photos/barricades-building-run.jpg,A run of crowd control barricades along the side of a building
https://www.fencewizards.com/service-area/muncie/,img,srcset,https://www.fencewizards.com/assets/photos/barricades-building-run-600.jpg,A run of crowd control barricades along the side of a building
https://www.fencewizards.com/service-area/muncie/,img,srcset,https://www.fencewizards.com/assets/photos/barricades-building-run-1000.jpg,A run of crowd control barricades along the side of a building
https://www.fencewizards.com/service-area/muncie/,img,srcset,https://www.fencewizards.com/assets/photos/barricades-building-run.jpg,A run of crowd control barricades along the side of a building
https://www.fencewizards.com/service-area/muncie/,img,src,https://www.fencewizards.com/assets/brand/fw-logo-knockout.png,Fence Wizards Rent A Fence
https://www.fencewizards.com/service-area/anderson/,img,src,https://www.fencewizards.com/assets/brand/fw-mark-knockout.png,Fence Wizards Rent A Fence
https://www.fencewizards.com/service-area/anderson/,img,src,https://www.fencewizards.com/assets/photos/demolition-site.jpg,Temporary fencing holding a perimeter around a partly demolished building
https://www.fencewizards.com/service-area/anderson/,img,srcset,https://www.fencewizards.com/assets/photos/demolition-site-600.jpg,Temporary fencing holding a perimeter around a partly demolished building
https://www.fencewizards.com/service-area/anderson/,img,srcset,https://www.fencewizards.com/assets/photos/demolition-site-1000.jpg,Temporary fencing holding a perimeter around a partly demolished building
https://www.fencewizards.com/service-area/anderson/,img,srcset,https://www.fencewizards.com/assets/photos/demolition-site.jpg,Temporary fencing holding a perimeter around a partly demolished building
https://www.fencewizards.com/service-area/anderson/,img,src,https://www.fencewizards.com/assets/photos/winter-site-generator.jpg,Temporary fence around a winter job site with a generator trailer inside the perimeter
https://www.fencewizards.com/service-area/anderson/,img,srcset,https://www.fencewizards.com/assets/photos/winter-site-generator-600.jpg,Temporary fence around a winter job site with a generator trailer inside the perimeter
https://www.fencewizards.com/service-area/anderson/,img,srcset,https://www.fencewizards.com/assets/photos/winter-site-generator-1000.jpg,Temporary fence around a winter job site with a generator trailer inside the perimeter
https://www.fencewizards.com/service-area/anderson/,img,srcset,https://www.fencewizards.com/assets/photos/winter-site-generator.jpg,Temporary fence around a winter job site with a generator trailer inside the perimeter
https://www.fencewizards.com/service-area/anderson/,img,src,https://www.fencewizards.com/assets/photos/cleared-lot-neighborhood.jpg,Temporary fence panels around a cleared lot in an Indianapolis neighborhood
https://www.fencewizards.com/service-area/anderson/,img,srcset,https://www.fencewizards.com/assets/photos/cleared-lot-neighborhood-600.jpg,Temporary fence panels around a cleared lot in an Indianapolis neighborhood
https://www.fencewizards.com/service-area/anderson/,img,srcset,https://www.fencewizards.com/assets/photos/cleared-lot-neighborhood-1000.jpg,Temporary fence panels around a cleared lot in an Indianapolis neighborhood
https://www.fencewizards.com/service-area/anderson/,img,srcset,https://www.fencewizards.com/assets/photos/cleared-lot-neighborhood.jpg,Temporary fence panels around a cleared lot in an Indianapolis neighborhood
https://www.fencewizards.com/service-area/anderson/,img,src,https://www.fencewizards.com/assets/photos/barricades-outside-building.jpg,Crowd control barricades set outside a commercial building for an event
https://www.fencewizards.com/service-area/anderson/,img,srcset,https://www.fencewizards.com/assets/photos/barricades-outside-building-600.jpg,Crowd control barricades set outside a commercial building for an event
https://www.fencewizards.com/service-area/anderson/,img,srcset,https://www.fencewizards.com/assets/photos/barricades-outside-building-1000.jpg,Crowd control barricades set outside a commercial building for an event
https://www.fencewizards.com/service-area/anderson/,img,srcset,https://www.fencewizards.com/assets/photos/barricades-outside-building.jpg,Crowd control barricades set outside a commercial building for an event
https://www.fencewizards.com/service-area/anderson/,img,src,https://www.fencewizards.com/assets/photos/skyline-panels-indianapolis.jpg,Temporary fence panels set on grass with the downtown Indianapolis skyline behind them
https://www.fencewizards.com/service-area/anderson/,img,srcset,https://www.fencewizards.com/assets/photos/skyline-panels-indianapolis-600.jpg,Temporary fence panels set on grass with the downtown Indianapolis skyline behind them
https://www.fencewizards.com/service-area/anderson/,img,srcset,https://www.fencewizards.com/assets/photos/skyline-panels-indianapolis-1000.jpg,Temporary fence panels set on grass with the downtown Indianapolis skyline behind them
https://www.fencewizards.com/service-area/anderson/,img,srcset,https://www.fencewizards.com/assets/photos/skyline-panels-indianapolis.jpg,Temporary fence panels set on grass with the downtown Indianapolis skyline behind them
https://www.fencewizards.com/service-area/anderson/,img,src,https://www.fencewizards.com/assets/photos/windscreen-lot-run.jpg,A long black windscreen run enclosing a paved lot
https://www.fencewizards.com/service-area/anderson/,img,srcset,https://www.fencewizards.com/assets/photos/windscreen-lot-run-600.jpg,A long black windscreen run enclosing a paved lot
https://www.fencewizards.com/service-area/anderson/,img,srcset,https://www.fencewizards.com/assets/photos/windscreen-lot-run-1000.jpg,A long black windscreen run enclosing a paved lot
https://www.fencewizards.com/service-area/anderson/,img,srcset,https://www.fencewizards.com/assets/photos/windscreen-lot-run.jpg,A long black windscreen run enclosing a paved lot
https://www.fencewizards.com/service-area/anderson/,img,src,https://www.fencewizards.com/assets/brand/fw-logo-knockout.png,Fence Wizards Rent A Fence
https://www.fencewizards.com/service-area/terre-haute/,img,src,https://www.fencewizards.com/assets/brand/fw-mark-knockout.png,Fence Wizards Rent A Fence
https://www.fencewizards.com/service-area/terre-haute/,img,src,https://www.fencewizards.com/assets/photos/cleared-lot-neighborhood.jpg,Temporary fence panels around a cleared lot in an Indianapolis neighborhood
https://www.fencewizards.com/service-area/terre-haute/,img,srcset,https://www.fencewizards.com/assets/photos/cleared-lot-neighborhood-600.jpg,Temporary fence panels around a cleared lot in an Indianapolis neighborhood
https://www.fencewizards.com/service-area/terre-haute/,img,srcset,https://www.fencewizards.com/assets/photos/cleared-lot-neighborhood-1000.jpg,Temporary fence panels around a cleared lot in an Indianapolis neighborhood
https://www.fencewizards.com/service-area/terre-haute/,img,srcset,https://www.fencewizards.com/assets/photos/cleared-lot-neighborhood.jpg,Temporary fence panels around a cleared lot in an Indianapolis neighborhood
https://www.fencewizards.com/service-area/terre-haute/,img,src,https://www.fencewizards.com/assets/photos/muddy-site-edge.jpg,Temporary fence running along the muddy edge of an active construction site
https://www.fencewizards.com/service-area/terre-haute/,img,srcset,https://www.fencewizards.com/assets/photos/muddy-site-edge-600.jpg,Temporary fence running along the muddy edge of an active construction site
https://www.fencewizards.com/service-area/terre-haute/,img,srcset,https://www.fencewizards.com/assets/photos/muddy-site-edge-1000.jpg,Temporary fence running along the muddy edge of an active construction site
https://www.fencewizards.com/service-area/terre-haute/,img,srcset,https://www.fencewizards.com/assets/photos/muddy-site-edge.jpg,Temporary fence running along the muddy edge of an active construction site
https://www.fencewizards.com/service-area/terre-haute/,img,src,https://www.fencewizards.com/assets/photos/dirt-lot-excavator.jpg,Temporary fence panels around a cleared dirt lot with an excavator working inside
https://www.fencewizards.com/service-area/terre-haute/,img,srcset,https://www.fencewizards.com/assets/photos/dirt-lot-excavator-600.jpg,Temporary fence panels around a cleared dirt lot with an excavator working inside
https://www.fencewizards.com/service-area/terre-haute/,img,srcset,https://www.fencewizards.com/assets/photos/dirt-lot-excavator-1000.jpg,Temporary fence panels around a cleared dirt lot with an excavator working inside
https://www.fencewizards.com/service-area/terre-haute/,img,srcset,https://www.fencewizards.com/assets/photos/dirt-lot-excavator.jpg,Temporary fence panels around a cleared dirt lot with an excavator working inside
https://www.fencewizards.com/service-area/terre-haute/,img,src,https://www.fencewizards.com/assets/photos/winter-site-generator.jpg,Temporary fence around a winter job site with a generator trailer inside the perimeter
https://www.fencewizards.com/service-area/terre-haute/,img,srcset,https://www.fencewizards.com/assets/photos/winter-site-generator-600.jpg,Temporary fence around a winter job site with a generator trailer inside the perimeter
https://www.fencewizards.com/service-area/terre-haute/,img,srcset,https://www.fencewizards.com/assets/photos/winter-site-generator-1000.jpg,Temporary fence around a winter job site with a generator trailer inside the perimeter
https://www.fencewizards.com/service-area/terre-haute/,img,srcset,https://www.fencewizards.com/assets/photos/winter-site-generator.jpg,Temporary fence around a winter job site with a generator trailer inside the perimeter
https://www.fencewizards.com/service-area/terre-haute/,img,src,https://www.fencewizards.com/assets/photos/skyline-panels-indianapolis.jpg,Temporary fence panels set on grass with the downtown Indianapolis skyline behind them
https://www.fencewizards.com/service-area/terre-haute/,img,srcset,https://www.fencewizards.com/assets/photos/skyline-panels-indianapolis-600.jpg,Temporary fence panels set on grass with the downtown Indianapolis skyline behind them
https://www.fencewizards.com/service-area/terre-haute/,img,srcset,https://www.fencewizards.com/assets/photos/skyline-panels-indianapolis-1000.jpg,Temporary fence panels set on grass with the downtown Indianapolis skyline behind them
https://www.fencewizards.com/service-area/terre-haute/,img,srcset,https://www.fencewizards.com/assets/photos/skyline-panels-indianapolis.jpg,Temporary fence panels set on grass with the downtown Indianapolis skyline behind them
https://www.fencewizards.com/service-area/terre-haute/,img,src,https://www.fencewizards.com/assets/photos/street-frontage-panels.jpg,Temporary fence panels along the street frontage of a residential block
https://www.fencewizards.com/service-area/terre-haute/,img,srcset,https://www.fencewizards.com/assets/photos/street-frontage-panels-600.jpg,Temporary fence panels along the street frontage of a residential block
https://www.fencewizards.com/service-area/terre-haute/,img,srcset,https://www.fencewizards.com/assets/photos/street-frontage-panels-1000.jpg,Temporary fence panels along the street frontage of a residential block
https://www.fencewizards.com/service-area/terre-haute/,img,srcset,https://www.fencewizards.com/assets/photos/street-frontage-panels.jpg,Temporary fence panels along the street frontage of a residential block
https://www.fencewizards.com/service-area/terre-haute/,img,src,https://www.fencewizards.com/assets/brand/fw-logo-knockout.png,Fence Wizards Rent A Fence
https://www.fencewizards.com/service-area/richmond/,img,src,https://www.fencewizards.com/assets/brand/fw-mark-knockout.png,Fence Wizards Rent A Fence
https://www.fencewizards.com/service-area/richmond/,img,src,https://www.fencewizards.com/assets/photos/apartment-build-finished.jpg,Temporary fence panels around a finished multi family building before handover
https://www.fencewizards.com/service-area/richmond/,img,srcset,https://www.fencewizards.com/assets/photos/apartment-build-finished-600.jpg,Temporary fence panels around a finished multi family building before handover
https://www.fencewizards.com/service-area/richmond/,img,srcset,https://www.fencewizards.com/assets/photos/apartment-build-finished-1000.jpg,Temporary fence panels around a finished multi family building before handover
https://www.fencewizards.com/service-area/richmond/,img,srcset,https://www.fencewizards.com/assets/photos/apartment-build-finished.jpg,Temporary fence panels around a finished multi family building before handover
https://www.fencewizards.com/service-area/richmond/,img,src,https://www.fencewizards.com/assets/photos/distribution-warehouse-panels.jpg,Temporary fence panels closing off the dock doors of a distribution warehouse near Indianapolis
https://www.fencewizards.com/service-area/richmond/,img,srcset,https://www.fencewizards.com/assets/photos/distribution-warehouse-panels-600.jpg,Temporary fence panels closing off the dock doors of a distribution warehouse near Indianapolis
https://www.fencewizards.com/service-area/richmond/,img,srcset,https://www.fencewizards.com/assets/photos/distribution-warehouse-panels-1000.jpg,Temporary fence panels closing off the dock doors of a distribution warehouse near Indianapolis
https://www.fencewizards.com/service-area/richmond/,img,srcset,https://www.fencewizards.com/assets/photos/distribution-warehouse-panels.jpg,Temporary fence panels closing off the dock doors of a distribution warehouse near Indianapolis
https://www.fencewizards.com/service-area/richmond/,img,src,https://www.fencewizards.com/assets/photos/loading-area-panels.jpg,Temporary fence panels closing a loading area beside a commercial building
https://www.fencewizards.com/service-area/richmond/,img,srcset,https://www.fencewizards.com/assets/photos/loading-area-panels-600.jpg,Temporary fence panels closing a loading area beside a commercial building
https://www.fencewizards.com/service-area/richmond/,img,srcset,https://www.fencewizards.com/assets/photos/loading-area-panels-1000.jpg,Temporary fence panels closing a loading area beside a commercial building
https://www.fencewizards.com/service-area/richmond/,img,srcset,https://www.fencewizards.com/assets/photos/loading-area-panels.jpg,Temporary fence panels closing a loading area beside a commercial building
https://www.fencewizards.com/service-area/richmond/,img,src,https://www.fencewizards.com/assets/photos/muddy-site-edge.jpg,Temporary fence running along the muddy edge of an active construction site
https://www.fencewizards.com/service-area/richmond/,img,srcset,https://www.fencewizards.com/assets/photos/muddy-site-edge-600.jpg,Temporary fence running along the muddy edge of an active construction site
https://www.fencewizards.com/service-area/richmond/,img,srcset,https://www.fencewizards.com/assets/photos/muddy-site-edge-1000.jpg,Temporary fence running along the muddy edge of an active construction site
https://www.fencewizards.com/service-area/richmond/,img,srcset,https://www.fencewizards.com/assets/photos/muddy-site-edge.jpg,Temporary fence running along the muddy edge of an active construction site
https://www.fencewizards.com/service-area/richmond/,img,src,https://www.fencewizards.com/assets/photos/skyline-panels-indianapolis.jpg,Temporary fence panels set on grass with the downtown Indianapolis skyline behind them
https://www.fencewizards.com/service-area/richmond/,img,srcset,https://www.fencewizards.com/assets/photos/skyline-panels-indianapolis-600.jpg,Temporary fence panels set on grass with the downtown Indianapolis skyline behind them
https://www.fencewizards.com/service-area/richmond/,img,srcset,https://www.fencewizards.com/assets/photos/skyline-panels-indianapolis-1000.jpg,Temporary fence panels set on grass with the downtown Indianapolis skyline behind them
https://www.fencewizards.com/service-area/richmond/,img,srcset,https://www.fencewizards.com/assets/photos/skyline-panels-indianapolis.jpg,Temporary fence panels set on grass with the downtown Indianapolis skyline behind them
https://www.fencewizards.com/service-area/richmond/,img,src,https://www.fencewizards.com/assets/photos/green-windscreen-lot.jpg,Green windscreen on temporary fence enclosing a paved parking lot
https://www.fencewizards.com/service-area/richmond/,img,srcset,https://www.fencewizards.com/assets/photos/green-windscreen-lot-600.jpg,Green windscreen on temporary fence enclosing a paved parking lot
https://www.fencewizards.com/service-area/richmond/,img,srcset,https://www.fencewizards.com/assets/photos/green-windscreen-lot-1000.jpg,Green windscreen on temporary fence enclosing a paved parking lot
https://www.fencewizards.com/service-area/richmond/,img,srcset,https://www.fencewizards.com/assets/photos/green-windscreen-lot.jpg,Green windscreen on temporary fence enclosing a paved parking lot
https://www.fencewizards.com/service-area/richmond/,img,src,https://www.fencewizards.com/assets/brand/fw-logo-knockout.png,Fence Wizards Rent A Fence
https://www.fencewizards.com/blog/temporary-fence-panels-for-rent-in-indianapolis-fast-setup-flexible-configuratio-1788192322725/,img,src,https://www.fencewizards.com/assets/brand/fw-mark-knockout.png,Fence Wizards Rent A Fence
https://www.fencewizards.com/blog/temporary-fence-panels-for-rent-in-indianapolis-fast-setup-flexible-configuratio-1788192322725/,img,src,https://www.fencewizards.com/assets/brand/fw-logo-knockout.png,Fence Wizards Rent A Fence
https://www.fencewizards.com/blog/how-much-does-temporary-fence-rental-cost/,img,src,https://www.fencewizards.com/assets/brand/fw-mark-knockout.png,Fence Wizards Rent A Fence
https://www.fencewizards.com/blog/how-much-does-temporary-fence-rental-cost/,img,src,https://www.fencewizards.com/assets/brand/fw-logo-knockout.png,Fence Wizards Rent A Fence
https://www.fencewizards.com/blog/post-driven-chain-link-fence-rental-flood-repair-public-works-hamilton-marion-county/,img,src,https://www.fencewizards.com/assets/brand/fw-mark-knockout.png,Fence Wizards Rent A Fence
https://www.fencewizards.com/blog/post-driven-chain-link-fence-rental-flood-repair-public-works-hamilton-marion-county/,img,src,https://www.fencewizards.com/assets/brand/fw-logo-knockout.png,Fence Wizards Rent A Fence
https://www.fencewizards.com/blog/printed-windscreen-for-construction-fence-indianapolis-branding-privacy-dust-control/,img,src,https://www.fencewizards.com/assets/brand/fw-mark-knockout.png,Fence Wizards Rent A Fence
https://www.fencewizards.com/blog/printed-windscreen-for-construction-fence-indianapolis-branding-privacy-dust-control/,img,src,https://www.fencewizards.com/assets/brand/fw-logo-knockout.png,Fence Wizards Rent A Fence
https://www.fencewizards.com/blog/emergency-fence-rental-indiana-same-week-perimeter-fencing-after-storms-fires-and-break-ins/,img,src,https://www.fencewizards.com/assets/brand/fw-mark-knockout.png,Fence Wizards Rent A Fence
https://www.fencewizards.com/blog/emergency-fence-rental-indiana-same-week-perimeter-fencing-after-storms-fires-and-break-ins/,img,src,https://www.fencewizards.com/assets/brand/fw-logo-knockout.png,Fence Wizards Rent A Fence
